-- phpMyAdmin SQL Dump
-- version 4.6.4
-- https://www.phpmyadmin.net/
--
-- Host: fdb18.your-hosting.net
-- Generation Time: 28-Mar-2018 às 02:29
-- Versão do servidor: 5.7.20-log
-- PHP Version: 5.5.38

SET SQL_MODE = "NO_AUTO_VALUE_ON_ZERO";
SET time_zone = "+00:00";


/*!40101 SET @OLD_CHARACTER_SET_CLIENT=@@CHARACTER_SET_CLIENT */;
/*!40101 SET @OLD_CHARACTER_SET_RESULTS=@@CHARACTER_SET_RESULTS */;
/*!40101 SET @OLD_COLLATION_CONNECTION=@@COLLATION_CONNECTION */;
/*!40101 SET NAMES utf8mb4 */;

--
-- Database: `2624393_teseu`
--

-- --------------------------------------------------------

--
-- Estrutura da tabela `busca`
--

CREATE TABLE `busca` (
  `id` int(11) NOT NULL,
  `id_estudo` int(11) DEFAULT NULL,
  `id_usuario` int(11) DEFAULT NULL,
  `nome` longtext
) ENGINE=InnoDB DEFAULT CHARSET=latin1;

--
-- Extraindo dados da tabela `busca`
--

INSERT INTO `busca` (`id`, `id_estudo`, `id_usuario`, `nome`) VALUES
(1, NULL, 17, 'DISPOSTOS ZIKA'),
(2, NULL, 17, 'Homens Asmáticos'),
(3, NULL, 17, 'Diabéticos Fumantes'),
(4, NULL, 17, 'dengue'),
(5, NULL, 22, 'HOMENS MEIA-IDADE FUMANTES');

-- --------------------------------------------------------

--
-- Estrutura da tabela `estudo`
--

CREATE TABLE `estudo` (
  `id` int(11) NOT NULL,
  `id_usuario` int(11) DEFAULT NULL,
  `nome` longtext
) ENGINE=InnoDB DEFAULT CHARSET=latin1;

-- --------------------------------------------------------

--
-- Estrutura da tabela `formulario`
--

CREATE TABLE `formulario` (
  `id` int(11) NOT NULL,
  `titulo` longtext,
  `id_resposta_referencia` int(11) DEFAULT NULL,
  `resposta_texto_livre` longtext,
  `id_resposta_conclusiva` int(11) DEFAULT NULL
) ENGINE=InnoDB DEFAULT CHARSET=latin1;

--
-- Extraindo dados da tabela `formulario`
--

INSERT INTO `formulario` (`id`, `titulo`, `id_resposta_referencia`, `resposta_texto_livre`, `id_resposta_conclusiva`) VALUES
(1, 'CADASTRO', NULL, NULL, NULL),
(2, 'DOENÇAS CRÔNICAS', 37, NULL, NULL);

-- --------------------------------------------------------

--
-- Estrutura da tabela `localizacao`
--

CREATE TABLE `localizacao` (
  `id` int(11) NOT NULL,
  `nome` text,
  `endereco` longtext NOT NULL,
  `loc_latitude` double DEFAULT NULL,
  `loc_longitude` double DEFAULT NULL
) ENGINE=InnoDB DEFAULT CHARSET=latin1;

-- --------------------------------------------------------

--
-- Estrutura da tabela `questao`
--

CREATE TABLE `questao` (
  `id` int(11) NOT NULL,
  `tag` text,
  `texto` longtext,
  `limite_marcadas` int(11) DEFAULT NULL
) ENGINE=InnoDB DEFAULT CHARSET=latin1;

--
-- Extraindo dados da tabela `questao`
--

INSERT INTO `questao` (`id`, `tag`, `texto`, `limite_marcadas`) VALUES
(1, 'DATA_NASCIMENTO', 'Data de nascimento', 1),
(2, 'NOME', 'Nome', 1),
(3, 'SOBRENOME', 'Sobrenome', 1),
(4, NULL, 'Nome Social', 1),
(5, 'SEXO', 'Sexo', 1),
(6, NULL, 'Etnia', 1),
(7, NULL, 'Local de residência', 1),
(8, NULL, 'Situação domiciliar', 1),
(9, NULL, 'Deseja participar de quais estudos?', -1),
(10, NULL, 'Quais são suas doenças crônicas?', -1),
(11, NULL, 'Possui doença crônica? (persiste por longo período)', 1),
(12, NULL, 'Fuma?', 1);

-- --------------------------------------------------------

--
-- Estrutura da tabela `questao_formulario`
--

CREATE TABLE `questao_formulario` (
  `id` int(11) NOT NULL,
  `id_formulario` int(11) NOT NULL,
  `id_questao` int(11) NOT NULL
) ENGINE=InnoDB DEFAULT CHARSET=latin1;

--
-- Extraindo dados da tabela `questao_formulario`
--

INSERT INTO `questao_formulario` (`id`, `id_formulario`, `id_questao`) VALUES
(1, 1, 1),
(2, 1, 2),
(3, 1, 3),
(4, 1, 4),
(5, 1, 5),
(6, 1, 6),
(7, 1, 7),
(8, 1, 8),
(9, 1, 9),
(10, 2, 10),
(16, 1, 11),
(17, 1, 12);

-- --------------------------------------------------------

--
-- Estrutura da tabela `resposta`
--

CREATE TABLE `resposta` (
  `id` int(11) NOT NULL,
  `id_questao` int(11) DEFAULT NULL,
  `tag` text,
  `conteudo` text,
  `texto` longtext
) ENGINE=InnoDB DEFAULT CHARSET=latin1;

--
-- Extraindo dados da tabela `resposta`
--

INSERT INTO `resposta` (`id`, `id_questao`, `tag`, `conteudo`, `texto`) VALUES
(1, 1, NULL, 'DATA', NULL),
(2, 2, NULL, 'TEXTO', NULL),
(3, 3, NULL, 'TEXTO', NULL),
(4, 4, NULL, 'TEXTO', NULL),
(5, 5, 'FEMININO', 'MARCACAO', 'Feminino'),
(6, 5, 'MASCULINO', 'MARCACAO', 'Masculino'),
(7, 6, NULL, 'MARCACAO', 'Branco'),
(8, 6, NULL, 'MARCACAO', 'Pardo'),
(9, 6, NULL, 'MARCACAO', 'Negro'),
(10, 6, NULL, 'MARCACAO', 'Indígena'),
(11, 6, NULL, 'MARCACAO', 'Amarelo'),
(12, 7, NULL, 'MARCACAO', 'Centro-Oeste'),
(13, 7, NULL, 'MARCACAO', 'Nordeste'),
(14, 7, NULL, 'MARCACAO', 'Norte'),
(15, 7, NULL, 'MARCACAO', 'Sul'),
(16, 7, NULL, 'MARCACAO', 'Sudeste'),
(17, 8, NULL, 'MARCACAO', 'Urbana'),
(18, 8, NULL, 'MARCACAO', 'Rural'),
(19, 9, NULL, 'MARCACAO', 'Zika'),
(20, 9, NULL, 'MARCACAO', 'Chikungunya'),
(21, 9, NULL, 'MARCACAO', 'Dengue'),
(22, 9, NULL, 'MARCACAO', 'Febre Amarela'),
(23, 9, NULL, 'MARCACAO', 'Malária'),
(24, 9, NULL, 'TEXTO', 'Outros'),
(25, 10, NULL, 'MARCACAO', 'Doença de coluna ou costas'),
(26, 10, NULL, 'MARCACAO', 'Artrite ou reumatismo'),
(27, 10, NULL, 'MARCACAO', 'Câncer'),
(28, 10, NULL, 'MARCACAO', 'Diabetes (ou hipoglicemia)'),
(29, 10, NULL, 'MARCACAO', 'Bronquite ou Asma'),
(30, 10, NULL, 'MARCACAO', 'Hipertensão'),
(31, 10, NULL, 'MARCACAO', 'Doença do coração'),
(32, 10, NULL, 'MARCACAO', 'Doença renal crônica'),
(33, 10, NULL, 'MARCACAO', 'Depressão'),
(34, 10, NULL, 'MARCACAO', 'Tuberculose'),
(35, 10, NULL, 'MARCACAO', 'Tendinite ou tenossinovite'),
(36, 10, NULL, 'MARCACAO', 'Cirrose'),
(37, 11, NULL, 'MARCACAO', 'Sim'),
(38, 11, NULL, 'MARCACAO', 'Não'),
(39, 12, NULL, 'MARCACAO', 'Sim'),
(40, 12, NULL, 'MARCACAO', 'Não');

-- --------------------------------------------------------

--
-- Estrutura da tabela `resposta_buscada`
--

CREATE TABLE `resposta_buscada` (
  `id` int(11) NOT NULL,
  `id_questao` int(11) DEFAULT NULL,
  `id_resposta` int(11) DEFAULT NULL,
  `id_busca` int(11) DEFAULT NULL,
  `texto` longtext
) ENGINE=InnoDB DEFAULT CHARSET=latin1;

--
-- Extraindo dados da tabela `resposta_buscada`
--

INSERT INTO `resposta_buscada` (`id`, `id_questao`, `id_resposta`, `id_busca`, `texto`) VALUES
(1, 9, 19, 1, 'Zika'),
(2, 5, 6, 2, 'Masculino'),
(3, 10, 29, 2, 'Bronquite ou Asma'),
(5, 8, 17, 2, 'Urbana'),
(6, 10, 28, 3, 'Diabetes (ou hipoglicemia)'),
(7, 12, 39, 3, 'Sim'),
(8, 6, 10, 4, 'Indígena'),
(9, 8, 18, 4, 'Rural'),
(17, 1, 1, 5, '{"min":"40","max":"60"}'),
(18, 5, 6, 5, 'Masculino'),
(20, 12, 39, 5, 'Sim');

-- --------------------------------------------------------

--
-- Estrutura da tabela `resposta_marcada`
--

CREATE TABLE `resposta_marcada` (
  `id` int(11) NOT NULL,
  `id_questao` int(11) DEFAULT NULL,
  `id_resposta` int(11) DEFAULT NULL,
  `id_usuario` int(11) DEFAULT NULL,
  `texto` longtext
) ENGINE=InnoDB DEFAULT CHARSET=latin1;

--
-- Extraindo dados da tabela `resposta_marcada`
--

INSERT INTO `resposta_marcada` (`id`, `id_questao`, `id_resposta`, `id_usuario`, `texto`) VALUES
(10, 1, 1, 18, '1977-04-11'),
(11, 8, 17, 18, 'true'),
(12, 7, 16, 18, 'true'),
(30, 9, 19, 18, 'true'),
(32, 9, 22, 18, 'false'),
(33, 9, 23, 18, 'true'),
(40, 6, 7, 18, 'true'),
(44, 12, 40, 18, 'true'),
(45, 4, 4, 18, 'JOSUE'),
(48, 11, 37, 18, 'true'),
(49, 5, 6, 19, 'true'),
(50, 2, 2, 19, 'JULIO'),
(51, 7, 15, 19, 'true'),
(54, 10, 31, 19, 'true'),
(55, 10, 33, 19, 'true'),
(57, 8, 17, 19, 'true'),
(58, 4, 4, 19, 'JUDÁ'),
(59, 1, 1, 19, '1975-03-25'),
(60, 9, 21, 19, 'true'),
(61, 12, 40, 19, 'true'),
(62, 11, 38, 19, 'true'),
(63, 3, 3, 19, 'SOUZA'),
(65, 3, 3, 18, 'RESENDE'),
(67, 5, 6, 18, 'true'),
(68, 2, 2, 18, 'JOSUE'),
(69, 6, 7, 19, 'true'),
(70, 5, 6, 21, 'true'),
(71, 1, 1, 21, '1969-03-01'),
(72, 6, 10, 20, 'true');

-- --------------------------------------------------------

--
-- Estrutura da tabela `usuario`
--

CREATE TABLE `usuario` (
  `id` int(11) NOT NULL,
  `nome` longtext NOT NULL,
  `senha` longtext NOT NULL,
  `tipo` text NOT NULL,
  `foto_base64` longtext,
  `loc_accuracy` double DEFAULT NULL,
  `loc_altitude` double DEFAULT NULL,
  `loc_latitude` double DEFAULT NULL,
  `loc_longitude` double DEFAULT NULL
) ENGINE=InnoDB DEFAULT CHARSET=latin1;

--
-- Extraindo dados da tabela `usuario`
--

INSERT INTO `usuario` (`id`, `nome`, `senha`, `tipo`, `foto_base64`, `loc_accuracy`, `loc_altitude`, `loc_latitude`, `loc_longitude`) VALUES
(17, 'luiza@uerj.br', '123456', 'PESQUISADOR', 'cp6n_36psv9uk6X_VnmP_1RvjP9Yc5D_WnWQ_2V_mv9kgJj_ZXuS_1Ztf_9JYHL_U2t3_2V9if9zi5f_cYeV_2eGi_9beID_Vm1z_05mav9MX2X_TV5l_05YYf9GUFn_Q01W_0VPWP9DTlT_R1BZ_0ROV_9FTlf_QUpT_ztCTP9ASFP_QktU_0dRWv9KU1z_R0tW_0BKU_9FTlX_QU5X_z9MVP89SlL_PUdQ_0VNWP9LVV7_P0lV_zxFVP81Pk3_LztH_zlFUf8_TFL_QE1V_0NQWP9BS1X_RlFX_z1JVf8-TFX_P0lT_0NSWf9ETlj_QUlU_0xWYP9ETlj_SlNc_0lRXP9LUV3_WF9p_2Jqbf9sdHf_Y2pw_2htc_92d3v_d3t-_3t8fv9yc3f_bHF0_2ltcP9oaW3_aGlr_2Jmaf9ZXVz_WVlh_1dXX_9TVl3_VFNY_1JRVv9TU1X_SE1Q_09QVf9OT1T_Tk5W_0hHTP9LSk__SklO_0pKTP9NTlL_UFFV_0RDSP9KSU7_TklN_4Kuuf-Dsrz_aJKi_1x_k_9XcI7_U22I_1Jtiv9ge5b_YXmR_1hqgv9MYnf_UGd3_1Nrd_9Zc4D_YnmH_1xyff9bdHn_TmVt_0dYYv9HWmD_O05U_0NQVv9DTFX_Q0xV_0NMVf9FTlf_QElS_zxFTv85P0v_OkJN_zM6Qv85PUj_PURO_z1BTP9BRVD_OTlF_z5BSv84P0f_OkRN_zk_S_87Qkz_Nz1J_zQ4Qf9ARE__PENN_zk_S_8zPUf_MDhF_yo0QP82Pkn_NT5F_zQ_Rf86Qk3_QUhS_zxFTv86QEz_PEVO_zhBSv8-RU__RUxW_0JGT_9HTlj_RUxU_0tSXP9NTVn_U1pi_2Fhaf92dXr_fn6A_3N0eP97e33_e3x-_4B_hP96fn__fX6A_3p6fP92dnj_c3N1_2prbf9oaGj_ZGVp_19eY_9dXGH_VlVa_1BPVP9SUVb_T05T_09OU_9PTlP_Q0RI_0RDSP9GRUr_REJH_z07QP9OSU__SENJ_0ZFSv9CQ0f_SkVJ_0xISf9llp3_cJuk_32ks_-EqLj_b46g_3GJof9dd47_fJKn_2uBlv9NX3X_R15w_1Ruff9XdYD_YnyJ_1hwfP9QZGv_R19j_0pfZP9KXWP_R1lZ_0xaW_9FU1b_SE9X_0BETf8_Q0z_R0tU_z9ESv84P0X_Oj5H_zc7Rv81N0P_NjpF_zAyPv8yO0D_Oj5H_zxDSf80OEH_NjpD_zs_SP85O0j_MjRA_zQ0QP81N0P_NzpD_zk8Rf84Okb_Oj5J_zM3QP8yNED_MThC_zE1Pv8xOED_OT5E_zo-R_88QUf_PkJN_zg_Sf85QEb_PURM_0NHUP9GSVL_TVBZ_0lQVv9UV17_VFth_2Nkaf9tbnD_fX6A_4qJjv-Chof_hISE_4KEgf-Ghob_h4mG_4uMh_-Ghob_hYWF_4SDfv99fnj_d3hz_3Bvav9saGf_a2do_1dVVv9bWVz_VVNU_05KS_9GSEf_RERE_0tJTv9LRkz_R0JG_0I9Qf9KRkP_SURI_0lFRP9APkH_RUBE_0RAP_9JQ0P_Y5SY_3qnrP-BqbX_hqe2_36bq_99lKL_fZmk_3aNm_9Vanv_U2p4_1Rre_9YcHz_V258_111f_9NX2n_Sl1k_0ZZX_9KWV7_SFVb_1NhYv9PWVr_P0lK_z1FSP9BQkb_PD9G_z9CSf80NDz_OTlB_zg5Pv85OUP_OjpC_zIyOv8uLjb_MzM7_zU4P_83Nz__NDc8_zY2Pv82Oj3_MzY7_y8yN_80ND7_MC45_z08RP8_P0n_PT1H_zg4Qv8xNDv_LjE4_zAxNv8yNjn_Njc8_0FCR_9AQ0j_OT5C_zo_Q_8-QUb_Pj9E_01NVf9ISFL_UVJW_01NT_9VVlr_YGFl_2tscP9ucnP_d3t8_4eHh_-LjYr_jpCP_4qMi_-Rkoz_k5SP_5KTjv-Sk47_kZKM_4mIhP-Kh4L_iYiD_4iHgv-Ae3j_d3Jv_3Fuaf9sYmP_XlpZ_1pWVf9OSkn_TkpH_0hEQf9DQUL_Qz8-_z87Ov8-PTj_OTg2_0A_O_9BP0D_PDg3_0RAPf9EPDr_QTw4_2KRl_92p6z_hKy0_4Wnsf-Coq3_g5-r_4OaqP9og4z_TGRw_09nc_9ZcXv_UWl1_01lcf9TZ3L_QVBX_0BRWP9HVFr_QE1T_0RUVP9NXFn_PEZH_0FGSf87Oj__QEBC_zo5Pv8zNDb_ODc8_zc2O_82Nzn_OTo__zAxNv8pKi7_Li8z_zAxNv8wLzX_LSsw_zAvNP80NTn_MjM1_zExM_8zNDj_MzQ4_y8wNf8yMTb_OjtA_zIyOv8zMzv_MDE1_zM0Nv84Pj7_MDQ3_z08Qf8_QET_RUZI_0hJS_9HSEz_Tk9T_05OUP9VVVf_W1tb_1dXV_9fX2H_Y2Vk_3Fwdf93eHr_f4GA_4ODg_-SkpD_kpKS_5KSkP-Wl5H_lZaR_5GSjf-Tj4z_j5CL_5eTkP-Oiof_kY6J_4mLgP-Kh4L_iYaB_3x8dP94dXD_fXVy_2tkXv9iXVr_WFNQ_11VU_9MREL_T0ZH_0Y-PP9FPTv_RDs8_0I3O_8-NTb_Pjg4_zszMf8_NzT_PDQx_zgvKv9nlpz_bp2j_4Kqsv98oar_g6Ou_4OgqP-AmKT_WXB2_01lZ_9JXmP_RV5i_z9bXv8-Vlr_OU5T_0ZYXP9banH_UF9k_0VYVv8-Skj_NkBB_zI7Ov8sNzP_OzxA_0FARf83Njv_ODc8_zg3PP81NDn_MTA1_zExM_8qKy__Jygs_yorL_8lJCn_IyIn_yUkKf8zMjf_Li0y_zIxNv8lJCn_LSwx_zAwMv8rKi__LSwx_ywwMf8uLzH_LSwx_ywrMP8wMTX_LS4w_z1BQP8-P0H_RkdJ_1JUU_9SVFH_V1dX_1ZYVf9eX1n_XV5Z_2xoZf9va2r_cnFv_3l3eP-AgoH_hYWF_4aGhv-UlJL_mJmU_5aXkv-VlZX_mpuV_5eYk_-ZmpX_mZiU_5aXkv-Xk5D_mZWS_5WSjf-Rjon_kI2I_4mGgf-Cf3r_e3p1_3x0cf95cW7_a2Re_2NeWv9XUEr_TERB_0Y-O_9DOzj_PTMy_z0zMv9EOjn_OTEv_zIqKP85MS7_Pzc0_z4zMf89MzH_cqOo_3ajqf9_pa7_e52n_36eqf96mKL_dIqV_05mav9MX2X_RFdd_0JVWf9EXF7_Rltg_z5RVf89SlD_RlFT_0hYWP84RET_NT0__yw2Nf8wNDX_MTU0_z49Qv88PD7_MjM1_y4pLf81Njj_MDEz_yssMP8nKCz_JSQp_yUkKf8qKS7_JSQp_yEgJf8kIyj_Kios_yssLv8mJyn_LC0v_y8vMf8uLTL_Kiku_ykoLf8rKy3_KSgt_ykoLf8tLDH_Kist_ysxL_81NTP_R0dF_1ZYVf9bXVz_ZGVg_2loZv9ramb_bWxo_3Jvav92c27_fXp1_3-Ae_-FgH3_hoaG_4iIiP-Li4v_kpKQ_5qblv-dn5r_m5ub_6Ginf-fm5j_npqX_6Kem_-Zm5b_mZiU_5WUkP-ZlZL_lZKN_5CNiP-Qj4r_jYWC_4N7eP-CeHb_gHZ0_3JoZv9qYF7_XVVS_1ZOS_9OQ0H_Rjs5_0Q2Nf8_NDL_PDEv_zIoJv83LSv_LiQi_zswLv8-NDL_Qjg2_3qpr_96p63_fqCq_3eVn_90kJz_ZoKN_2uBjP9bbnT_VGZq_z5RVf9CVVn_SVxg_z5TVv8_Ulb_PlBQ_zM-QP8xOj__LTMz_ywyMv8qLi__MjQx_zQ0NP88PDz_NDQ2_zAuMf8sLC7_KCgq_y4sL_8zLjL_KyYs_ykpK_8nJyn_HR0f_xwcHv8dHiD_ISIk_yolKf8iIiT_JiEl_ygjJ_8nKCr_KCkr_ysqL_8sKzD_JiYo_ycnKf8pKSv_KCgq_y0tL_8sLCr_NjY2_1BTTP9gX13_bm9q_3Bsa_96cnD_fXh1_3p1cf-BfHj_gX55_4WBgP-MiIX_kI-L_46Qi_-PkIr_l5eX_5SWkf-cnZj_oKGc_56fmv-lpqH_pKWg_5-gm_-gnJn_np-Z_5iXkv-bnZj_mZiU_5iYjv-VkI3_k5KN_46Gg_-Gfnv_g3l3_4N5d_93b2z_b2Ri_2NbWP9XTEr_S0A8_09BQP8-MzH_OS4s_zovLf8zKSf_Mion_zYuK_85Ly3_PDUv_z4wLf97o6v_faWt_4Gjrf99mqj_b4uW_26Hjv91h5H_WWZs_0xaWv9GWVf_QFNR_z1PT_85S03_PlBQ_0FNTf8yPjz_KjQz_ykvL_8mLCr_LjAt_zMzM_87Ozn_NDY1_zQ2M_8tMi7_KCgo_x8jJP8kHyP_LSgs_y0oLP8lJSf_HBod_x8bHP8fHSD_GxwX_yQkIv8mJSH_KCMn_yIjHv8iIR__IBwd_yIjJf8xMTP_KCop_yYnKf8eHyH_IyMl_yYmKP8uLi7_Kysr_zMzM_9ERkH_aGhm_3h3c_9-enf_iYF-_42GgP-QiIX_jo2I_4-LiP-Tj4z_l5OQ_52Zlv-cm5n_m5yX_5-hnP-inpv_p6ij_6Ginf-en5n_n6Ca_6Kjnv-jpJ__pqKf_6Sln_-bnpf_mpyX_6Oinv-alpP_npmW_5WVjf-WkY3_i4F__4h_ev-Ad3D_fXZu_3ZrZ_9oX1r_W1JN_0xBO_9IOjf_QTk2_zIrJf82Kyf_NCsm_zMoJv89Lyz_OCon_zYpI_88Liv_fKKr_3edpv9-nqn_dZCb_3SSnP9zipL_XXB2_0lXV_87Rkr_PUhK_0BOTv8-Skr_Lz09_yYyMv8rMDP_KC0w_ykqLv8cHR__LS0t_yUoIf8uLiz_MDEs_zMyMP8tLCr_KCcl_yQkJv8qKiz_IyMh_yMkHv8lIyT_Hxoe_xoVGf8cGBf_GxoY_x4dG_8dHBj_Kyom_ysqJv8mJSP_JiUj_yMiIP8sKyn_Kyks_ywnK_8jHiL_Ix4i_yQkJv8mJij_Jicp_yosK_8xMi3_Pz46_29raP9-enn_ioWC_5KJiv-RiYb_lo6L_5KRjP-Tj4z_mpeS_5mYlP-bmpb_np2b_52dnf-empf_nJ2Y_6Ginf-ho6D_n6Cb_6Ojof-lpqH_pqei_6GgnP-jpJ__oKGc_5-bmP-cl5T_nqCV_56blv-ZmZH_mJCN_5KIhv-GfHr_gHdy_3lwa_90ZmP_cGJf_2NaU_9SQTn_SDs1_zkrKP86LSf_MyUi_y0fHP80JyH_NCcf_zgrJf84KyP_Oi0l_3SZov93maP_fZum_3mVoP9vjZf_b4iP_2B1ev9PWl7_PkdM_zxBRf9ASEr_Njw8_zA1OP8pLjH_LDAz_ycoLP8uLzH_Hh4e_yoqKv8uMCv_LS4o_ygrJP8xLin_LSwq_yMiIP8jIiD_IB8d_x8eHP8bGhj_HRwa_xoZF_8ZGBb_GBcV_xsTEf8ZFRL_HxoX_yMeG_8oIyD_LCgn_yYlIf8lJCD_JSQi_yIiIP8nJSj_IiAj_yQgIf8kHyP_Likt_ygoKP8sLSj_LS4p_zY1Mf9lYV7_fXx6_4uGg_-PiIL_kYyI_5iTj_-YmJD_mZaR_6Gdmv-dmZb_npqX_5-emv-jo6H_pJ-c_6Smof-lr6b_pKah_6Kkof-ioqD_pKSi_6KioP-lpqD_qKim_6Okn_-gnJn_o6Cb_6Wlnf-hnpn_mpeS_5ySkf-Zj43_kIaE_4d-ef9-d3H_e25m_3JoX_9rWlP_WEZC_0k6M_89MCj_NSck_zYpI_82KSP_NCcf_zYpIf88Lyf_NSsh_zwvJ_9mjJX_eJij_3COlv9sipT_eJOc_2-Ij_9je3__SVhd_ztFR_84QEL_OTxB_zAxM_8wNDX_LzA0_zAwMv8oLCv_IiQj_yAiH_8fIRz_KSsm_yYlIP8mJSH_JCAd_yUkH_8fIBr_HRkW_x0aE_8eHxn_GhkX_xoZF_8dHBr_HRkY_x0ZGP8YFBH_GRQR_yEeGf8jHhr_KCMf_yolIv8kIB3_JiIf_yYiH_8pJSL_JCAf_yQlIP8nJiT_JiIj_yMhIv8rKSz_ISEf_zEtLP8yLSr_WVZR_3-Aev-KiYX_kIuH_5eSjv-YlZD_l5eP_5ubk_-alZL_oJ2Y_56al_-cnZj_oKGc_6emof-ipZ7_pK2o_6KoqP-kpqP_qqyr_6Kiov-kpKL_qauo_6eoo_-nrKb_o5-c_6WkoP-loZ7_oJuY_6Kem_-bl5T_m5aQ_5qSj_-SiIb_hX50_4J3cf92bWT_bVxV_1lIQf9FNy7_QDYt_zQnIf8vIhn_MCYd_zotJP82KSH_OCsi_0M1Kv84Lyb_f6Oz_3aWof92kp3_d5Sc_3yUnv95kJj_XnF3_z5MT_8_SUv_OD1A_zM0OP8wMTP_PT5A_zY3Of8sLS__LS0t_yEhI_8iIR__KCcl_yYrJP8oKSP_JCUg_x4aF_8hHRr_Ix8c_x8bGP8ZFRL_HxsY_x4ZFv8aGRX_FhIR_xsWE_8XEg__HRkW_yMaG_8nHxz_LiYj_y8nJP8oIB7_JBwa_ywkIv8vJyX_KSQh_yMfHv8iHh3_Ix8e_yMfHv8tKSj_KSUk_ywoJ_8tKSb_ODcz_1hTT_-Cfnv_jYqF_5ePjP-SkYz_l5SP_5qckf-cmZT_npmW_6GZl_-jnpv_oaOe_6Okn_-hop3_pKWg_6Onpv-ipqf_qK2p_6ioqP-pqan_pqin_6ampv-qqqr_qKmk_6SloP-ppaL_p6ai_6GgnP-hoJz_nZmW_56Vlv-Yjoz_j4WD_4qDff-EeXP_gXRr_3BfV_9UQzz_STgx_0EwKf87KiP_MyQd_zQjHP85KCH_NCUe_y8hGP83KSD_PDIp_3CVqP9zlaH_fZml_3iVnf90jJb_d5CU_1Zpb_8-UFD_PkxM_zw_RP8vMzb_LS4w_zc4Ov8yMzX_LCwu_yQjIf8gHx3_HBsZ_yQjIf8jJB__Gx0Y_xwbGf8eHRv_HhoX_yUgHf8dGBX_HRgV_xkUEf8fGhf_JiEe_yAbGP8bFhP_GRQR_xwUEv8jGxj_MSkm_zAoJf8rIyD_IxsZ_ykhH_8pIR__Jx8d_yIdGv8aGRX_Jh0e_y8mJ_8oHyD_KiYl_ygpJP8vKif_ODAt_z04NP9cV1T_gn16_42Ihf-ak43_l5SP_5mWkf-al5L_nZqV_5yXlP-gm5j_oJyZ_6ChnP-kpaD_paah_6Cgnv-mqKP_pqam_6enp_-oqKj_p6en_6aop_-kpKb_pqam_6Wlpf-io57_pKWg_56gm_-no6D_oJ-b_6Wgnf-dlZP_m5OQ_5WLif-PiID_hXx3_4V3bP9tXVD_XUpE_1M-Of9HNi__Pi0m_zsqI_81JBz_NCMc_zgnH_84Jx__Nykg_zcuJf9af5H_YIGS_2qGlP93k57_bYaN_2R8gP9BUFX_OERE_zo_Qv83PT3_NDg5_ywtL_80NDb_Jicp_yYkJ_8kIyH_ISAe_yMiIP8hIB7_Hh8a_xcWEv8YGhf_HBYW_x4aGf8hHBn_GRUS_xkUEf8cFxT_HxoX_x8aF_8ZFBH_GRQR_x8XFf8iHRr_KSEe_ykhHv8kHRf_JR0a_yYeHP8nHx3_IBgW_yMbGf8iGhj_JR0b_ygfIP8nHh__Mioo_ywjJP8oIB3_KyYg_zwzLv87NjD_a2Nh_4N-e_-Xj43_kIuH_5aTjv-UkYz_mpeS_52Ylf-ZlJH_nZqV_6Ccmf-jpaD_oqOe_6WmoP-kpKL_q6ur_6enp_-oqKj_qqqq_6ampv-rq6v_pqam_6Kiov-lpaX_pKWg_6Kiov-hoZ__o5-c_52emf-dmZb_m5OQ_5qSj_-XjYv_k4-E_4Z_df-De3D_dGNb_2dWTP9dTET_TToz_0QxKv89LCT_OCcf_zgnH_8_Lib_NyYe_zkrIv86LSX_V3uL_1t-kf9mhI__YHyH_2R7gf81Sk__OUVD_zA6Of81Ozv_Ojs9_zU2OP8sLC7_MjI0_ysmKv8mISX_IiAj_yUhIP8iHh3_Hxsa_xsXFv8WEhH_FhIR_x0ZGP8ZGBT_HxUU_xwUEv8hGRf_HxsY_xwXFP8cFxT_HBcU_xUQDf8bFhP_JBwa_zAoJv8lHRv_HxcV_x8XFP8lHRv_IBgW_x8XFf8fFxX_JBwa_y8nJf8wJyj_KiEi_y0lI_8wKCb_MCgm_zItKf82LCr_Rz88_3ZubP-Hf33_i4aD_5qQjv-Vko3_mJWQ_5aTjv-enpb_mpqS_56WlP-ZmJT_np6e_6Kjnv-hoaH_p6el_6enp_-np6f_o6Oj_6Ojo_-pqan_o6Oj_6SkpP-pqan_oqKi_6Kjnv-joqD_n6Ge_6Whnv-gnZb_n5uY_5-Vk_-ZkY7_lI2H_5GKgP-LhH7_hXtx_3dmXv9uXVX_ZFNL_1hHP_9LODH_PzEo_zgnH_82JR3_PCsj_zsqIv84Jx__MiUc_1B0hP9aeY3_VXN-_0pnbf9JXmP_QlFU_zhHRP8_SEf_PkRE_zQ1N_8rLC7_LS0v_zItMf8tKCz_KCMn_yQfI_8lISD_JCAf_xsXFv8bFxb_GBcV_xIRD_8aGRX_HhYT_x4WFP8bFxT_HhoX_xoVEv8XEg__FhEO_xoVEv8ZFBH_HBcU_yUdG_8kHBr_IBgW_xwUEv8eFhT_JBwa_x4UEv8hGRf_KCAe_ycfHf8rIyH_Mioo_zQsKv8oIB7_Lycl_zMpJ_81LSr_PjQy_1ZOS_99dnD_hX17_5CJg_-Wj4n_l4-N_5iYkP-YlJH_mJOQ_56WlP-alpP_npqX_6Ccmf-goZz_oqKg_6Skov-pqqX_qamp_6Ojo_-nqaj_p6el_6Wlpf-kpaD_pqak_6anov-goZz_oJ-b_6Gjnv-koZz_np2Y_5uWkv-dlZL_nZOR_5iOjP-SjoP_joV-_4R3b_-Ab2f_cV1W_2hVTv9nVE3_Tzw1_0MwKf85KyL_OCcf_zopIf84Jx__PSwk_z0sJP9MZ3r_UHB7_1d0fP9beH7_VGdt_z9SUP87RUb_QUpJ_zQ2Nf8xMTH_Ky0s_yMjI_8qKSf_JiEl_ycjIv8gHBv_IBwb_yIeHf8dGRb_HBQR_x0YFf8eGBj_Ixob_xoVEf8bFhP_HRgV_xgTEP8XEg__FxIP_xsWE_8dGBX_GhUS_xsWE_8cGBX_HBgV_xwUEv8eFhT_IRkX_x4ZFf8iGBb_IRkW_yIdGv8mHhz_KSEf_zEpJ_8tJSP_LCQi_zUtKv8wJiT_Mykn_0k_Pf9mXFr_gHZ0_4d_fP-Ph4T_lYyN_5OLif-RkIv_mpmV_5WNi_-hmJn_nZiV_56Zlv-empf_np-a_52dm_-io57_qKmk_6SkpP-np6f_paWl_6Wlpf-kpKT_pqei_6ippP-foJv_n6Cb_6Kkn_-hop3_pKee_6Cfm_-fm5j_nJSR_5qQjv-Yjoz_k4yG_42Gfv-AeG3_hHNr_3hnX_9wXVb_b2FU_1xKQP9JNy3_Py4m_zcmHv85Jh__Pi0l_zwrI_84Jx__WXR__1Vtef9mfor_WW10_z5NUv9ASkv_SE1Q_zg6N_8rKyn_JSUl_yMjIf8oJyX_KCcl_yMiIP8pJST_KCQj_yUhIP8gHxv_HxcV_x0VE_8cFxT_HBgX_xkVFP8VEA3_GRQR_xgTEP8UDwz_FRAN_xUQDf8WEQ7_HRgV_xoVEv8UEA3_HBQS_xgQDv8gGBb_HBQS_x0VE_8eFhT_HhYU_x8XFf8hGRf_Jx8d_yoiIP8qIiD_KyMh_y4pJv8wKCX_NSoo_0Q5N_9QRkT_a2Ff_4d_fP-Lg4D_kYmG_5OMhv-VjYv_kYyJ_5uWk_-Xko__mpaT_5uWk_-fmpf_oZ2a_56fmv-foJv_oaKd_6ippP-qqqj_pKSm_6Wlp_-oqKj_q6up_6Wlo_-nqKL_oqOe_5-gm_-kpaD_oqOe_6Oknv-hop3_nJuX_52alf-clJH_nJKQ_5eQiv-Kg3v_i4J5_4N1bP-Bbmf_fGlj_25eT_9jU0b_VkM8_0IwJv83JB3_OSYf_zsqIv81JBz_OSgg_1FndP9ieIb_X3F9_0RVXP8-R0z_PUJF_zM3OP8wMDD_Li8q_yEjHv8hIBz_JSYh_ycmIv8gHx3_IiMe_yomJf8dGRj_IiEf_yIeG_8aFRL_GRUU_xgUE_8XExL_ExIN_xYRDv8VEA3_FRAN_xQPDP8VEA3_GRQR_xsXFP8eGRb_HBcU_xwUEv8aEhD_HxcV_xwUEv8bExH_HhYU_x0VE_8cFBL_IhoY_yYeHP8sJCL_MSkn_ysmIv8qIB7_NSoo_z0zMf9JPz3_WFBN_3JrZf-FfXr_iIB9_4yLhv-RiYb_jouG_5SRjP-Uj4n_mpmV_5iXkv-fm5j_oZ2a_5ucl_-dnpn_oaKd_6Okn_-mp6L_np6e_6SkpP-jo6P_pKSk_6Wlo_-goZz_pKWg_6anov-nqKP_paag_6Wmof-goZn_mZyV_56al_-alpP_m5aS_5iOjP-Yj4r_kouF_4qCd_-HgXX_g3lv_4BvZf92Zln_bV1Q_2JQRv9JNi__PCki_zsoIf87KiL_Pi0l_zopIf9YanT_UWJq_0JRWP84QEv_OT5B_zIxN_8pKC3_KCcl_y4qJ_8qJiP_Ih4b_x0cGP8lIR7_Hx4a_x4fGv8lJB__HRwY_yAfG_8eGRb_HBcU_xcTEv8VERD_FBAP_xMPDv8TDgr_FA8M_xoVEv8UDwz_FxMQ_xUQDf8hGRf_GxMR_xsTEf8aEhD_GhIQ_xwUEv8fFxX_GxMR_xcPDf8dFRP_IBgW_yQcGv8jGxn_JyIe_zArJ_80Lyv_OC0r_zkvLf9GPjv_VExJ_11VU_91bWr_hH97_42IhP-LhoL_k4uI_4-HhP-UjIr_lJOP_5WRjv-dmZb_n5uY_5ybl_-bmpb_oaKd_6Ginf-fopv_paah_52emf-mpqT_o6Oh_6mpqf-oqaT_paSg_56jnP-kpZ__o6Sf_6Okn_-nqKL_oqOe_52emf-foJv_oJuX_5mWj_-VkIz_mJGL_5GNgv-MhXv_h4R1_4N5b_-Ed27_fW1e_29fUv9jVkb_Uj84_0EuJ_8_LCX_NSQc_zgqIf84Jx__U1td_0pRWf8_SlD_OT5C_0JDR_80NDb_KCop_y4vKv8oKCb_Kici_yYiH_8gGxj_JB8c_yEcGf8iHRr_KiUi_yciH_8eGRb_IBsY_xgTEP8ZFBH_FBEM_xYVE_8QDw3_ERAO_xcSD_8WEg__GBAO_xYODP8bExH_IRkX_x4WFP8WDgz_HBQS_xsTEf8eFhT_HBQS_xoSEP8ZEQ__HxcV_ycfHf8kHBr_JBwa_yYdGP8wJiT_OS4s_zkvLf9ANjT_S0ZC_1pVT_9gWFX_dnFt_4eCfv-LiIP_ioeC_5KKh_-RiYb_lo6L_5mUkP-VkI3_nJeU_5ybmf-inpv_pKCd_6Kem_-koJ3_op6b_6ChnP-kpaD_p6ij_6ioqP-lpaX_qKej_6ijn_-lop3_pKSk_6Ginf-mp6L_paag_6Clnv-foJr_oJyZ_5yXlP-hmJP_mJCN_5OJh_-SjoP_kYt__46Hff-De3D_hXhv_4BvZ_94Z13_aVlK_1BAM_9BMCj_OCcf_zMlHP83Jh7_OCcf_0pPUv9UV1z_T1JX_zw_RP86OT7_MzMz_yUnJP8kIyH_IyIg_x0cGP8fGhf_Ih0a_yQfHP8mIR7_HBcU_yAbGP8hHBn_Ih0a_yIdGv8fGhf_GxYT_xUQDf8SDA7_Eg0K_xUQDf8QCwj_EQwJ_xcPDf8cFBL_HBQS_yIaGP8eFhT_EwsJ_x8XFf8eFhT_IBgW_x8XFf8XDw3_GBAO_xkRD_8dGBX_IRkX_yceGf8vJSP_PDEv_zwyMP9CODb_SD48_1BIRf9bU1D_amNb_3Vybf-IhYD_jImE_4-Oif-RiYb_k46K_5OOiv-Xj4z_mZSR_56Zlv-gnJv_oaCe_6Cbl_-gn53_pKCd_6Khn_-goKD_oqOe_6SloP-sqKX_rKil_6mlov-jn5z_pqKf_6Ojo_-jo6P_pKal_6Ghn_-hpJv_m52a_56al_-cl5T_n5eV_5mRjv-Xj4z_kouF_4-LgP-IgXf_h351_4l7cv-Ddm3_e2pi_2xfT_9aST__RTMp_zwqIP87KiL_NyQd_zMiGv9RW1r_V11d_1BYWv83P0H_LzAy_zQ0NP8hIB7_JiUj_yIdGv8iHhv_JCAd_x8aF_8kHxz_JB8c_yEcGf8cFxT_HBcU_x0ZFv8fGhf_HxoX_x4ZFv8TDgv_FRAM_xENCv8RDAn_EAsI_w4JBv8aEhD_FAwK_xMLCf8hGRf_HhYU_xYODP8cFBL_GhIQ_xoSEP8YEA7_GxMR_xcPDf8WDgz_HRQP_yMZF_8rIR__NSsp_zwyMP9BOTb_QTk2_0tAPv9WSEf_XVJQ_3FsaP9_fHf_iYaB_5KNif-Qi4f_l4-M_5WOiP-ako__nJSR_5mUkf-al5L_m5yX_5-gm_-inpv_oJ-b_5-bmP-gn53_oJ-d_6anov-nqKP_q6ek_6emov-no6D_paGe_6Oinv-hop3_nqCd_6SloP-dn5z_oaCe_6Ghn_-foJv_n5uY_5uTkf-VjYv_mJCN_5WNiv-RjYT_kYqA_46Dff-Ed27_gHNq_4FwaP9xYFb_ZU5G_0w4L_89KiP_OSYf_zQjGf84Jx__V2Vl_2Ftbf9daWn_VWNj_z9AQv8tLS3_KCQh_yYlIP8mIh__KiYj_yIhHf8lIB3_Ih0a_yMeG_8iHRr_IRcW_yAbGP8dFRP_HRgV_x8aF_8SDQr_Eg0K_xYRDv8TDgv_Eg0K_xEJB_8LBwT_FAwK_xcPDf8WDgz_HhYU_x4WFP8ZEQ__Fg4M_x0VE_8bExH_Fw8N_xMLCf8UDAn_GxMQ_yEXFf8kGhj_OS8t_z40Mv89MzH_QTc1_0w-Pf9OQD3_WU9N_2RcWf93cm7_iYaB_5CGhP-Siof_lIqI_5KIhv-Vi4n_lZCM_5qTjf-bk5H_nZqV_56al_-hnJn_oZyY_6mkof-ko6H_oZmW_6Kem_-ko57_qaWi_6ijoP-wq6j_q6aj_6aiof-no6L_paSi_6alo_-npqT_o6Kg_6Sjof-ho6D_oaCe_5-enP-dmJX_l5KP_5iTkP-Tjor_k4yG_5CJgf-Qh4D_iXxz_4Z5cP-Ab2j_fGpg_2VORv9VPjb_QS8j_zonIP86JyD_OSgg_1Nuaf9sgn__bIB-_2p6d_8_Pz3_Kysr_ysoI_8lIR7_KiUi_ycjIP8mIR7_HxoX_x4ZFv8lIB3_HxoX_x4WFP8eFhT_HxoX_xoVEv8fGhf_GBMQ_xcSD_8VEA3_FhEO_xYODP8UDAr_EwsJ_xQMCv8UDAr_EgoI_xkRD_8dFRP_GhUS_xwUEv8bExH_GBAO_xgQDv8XDw3_FA8M_xkRDv8gFhT_LCIg_zUrKf88MS__PjQy_z81M_9GOzn_UEJB_19VU_9xaWb_gHt3_4aBff-OhIL_joaD_5iNi_-Vi4n_lYuJ_5iQjf-cl5P_npaT_56Wk_-hmJn_opqY_6Scmv-jnpv_n5uY_56WlP-jnpv_n5uY_6efnf-ro6D_qqWh_6qmo_-npqL_o5-e_6inpf-sq6n_oqCh_5-fnf-io57_nJqb_6Oeov-bl5b_mZWU_5mUkf-VkY7_lJCH_5WNiv-Si4H_i4J9_4l_dv-KfHP_h3Rt_4BuYv9sWUv_VkQ6_0AvJ_82Ixz_MyAZ_zMgGf9ef3j_Y4F5_15ycP9PW1f_NDYz_ycnJf8nJiH_KiYj_ygkIf8mIR7_IRwZ_xsWE_8gGBb_HhoX_xgTEP8bExH_HhYU_xkVEv8WEQ7_HxcV_xkYFP8UDwz_GhIQ_xwUEv8bFhP_HhYU_xsTEf8YEA7_GxMR_xQMCv8bExH_GxMR_xYODP8VDQv_GhIQ_xcQCv8YEA3_GREP_xkPDf8dExH_IRYU_y4gH_87LSz_OS4s_zcvLP9FOzn_TkNB_1lOTP9pZGD_gHt3_4R_e_-Lg4D_k4mH_5iKif-TiIb_kIWD_5qQjv-Yjoz_l5KO_5qSj_-bkpP_opqY_6GZl_-mnpz_opqY_6Ccmf-mnpz_pZ2b_6efnf-mnpv_qJ6c_6mkoP-ooJ3_qaGf_6ejov-loKT_oJuf_6Whov-loaL_n5-f_6Oeov-emZ3_n5qe_52Zlv-ZlZL_kpGN_5SPif-Rh4X_iIF7_4V6eP-GfHr_iXt4_4ZzbP97a17_dGNZ_1lJPP9ALyX_OSYf_zckHf84Jx__Xnt2_1tvbf9QX1r_TFlS_z0_PP8xMi3_JiUg_ysmI_8nIh__JyIf_x4ZFv8eGRb_GxYT_yAcGf8eGRb_HxcU_xwUEf8dFRL_GREO_yEZFv8dFRL_HRgU_yAWFP8iGxX_HhUQ_yEaFP8gGBb_HBQS_xwUEv8cFBL_HBQS_xkRD_8YEA7_Fw8N_xoSEP8cEhD_GREP_x8XFP8bEQ__HxQS_yUXFv8wIiH_PC4t_zctK_87MS__Rj47_05EQv9iV1X_dW5o_4J6eP-Jf33_kIiF_5WLif-YiIj_lImH_5SMif-akI7_mI6M_5qQjv-akI7_nZaQ_6GZlv-lnZv_pp6c_6efnf-knJr_nZmW_6Gdmv-mnpz_o5iU_6yhn_-oo6D_rKWf_6ujof-soqP_p6Km_6GcoP-loKT_np-h_56fof-cl5v_nJeb_5aUl_-VkJT_lZGQ_42Miv-GgID_fnZz_311cv-DeXf_gnh3_4F3bf-CeG__hXRs_3RjW_9iT0j_Ujsz_0AvJf80Ihj_NCYd_1JmZP9GWVP_S1hR_05UUP8-Pj7_LS4o_y4tKf8nIh__Likm_yIdGv8jGxn_GRUS_x8aF_8cFxT_HhYU_x0VEv8cFBH_HhYT_x4WE_8aFxL_GhIP_x4WE_8nHRv_Jh8Z_yMZF_8uJSD_IRkX_x8XFf8hGRf_JBwa_x4WFP8bExH_GREP_xsTEf8aEhD_FQ0L_xYODP8ZEQ__HBEP_x8UEv8mGBf_LyEg_zInJf82LCr_RDo4_0pCP_9dVVL_dmxq_3t2cv-Ef3v_iH58_4qCf_-QhoT_lYeG_5SJh_-PhYP_lIqI_5mPjf-glpT_m5GP_5yXk_-hmZf_oZyZ_6KamP-hmZf_oJuX_56Zlv-fmpf_opqY_6abmf-nnJr_qZ-d_6ObmP-nn5z_p56f_5-anv-ZlJj_mZSY_5KTlf-OkpP_jI2P_4KChP-AgYX_e3t5_3h0c_9saGf_amJg_2NbWf9nX13_Zlxa_2pjXf91bWL_f3Jp_4FwaP94Z1__ZlNM_1tJP_8_LSP_OScb_zglHv8-SEn_SU9P_z5APf8-PTn_Ozw3_y8rKP8oIyD_JyIf_yolIv8cFxT_HRgV_xcSD_8bFhP_HBQS_xwXFP8aEhD_GhMN_x0VEv8XDwz_GxMQ_xwSEP8fFRP_JBoY_yMZF_8bEQ__GxMR_x4WFP8cFBL_HhYU_x0VE_8eFhT_GREP_xwUEv8ZEQ__Fw8N_xIKCP8XDw3_FAwK_xkRD_8aEg__Khwb_y4gH_80JiX_OS8t_0xCQP9WUUv_aWRg_3JtZ_9_d3X_fXhy_4N7eP-GfHr_jYKA_5KEg_-Pg4P_j4qG_5GMiP-Vko3_lZCK_5yUkf-ZkY__oJeY_6GYmf-emZX_oZyZ_5-emv-Yl5X_nZiV_5-Xlf-imJb_oZaU_6GXlf-mnpv_oJiW_5iTkP-Sk47_goN-_3x3e_9wcHL_bGpt_2tpbP9fWl7_XVxa_1xYV_9ZVVT_V1ZR_2FZV_9iWlj_YFhV_1tRT_9hU1D_ZltV_3BhWv9vYln_dmVd_3RhWv9pV03_Szow_zwqIP82Ixz_RUtL_0JDR_9ISEj_RkVB_z04Nf8wKyj_LCck_yUgHf8hHRr_IxsZ_x0YFf8aFRL_HRUT_xwUEv8ZEQ__GBAO_xYODP8YEA7_GBAO_xsTEP8bExD_GhIP_x0VEv8dFRL_GxEP_x0UD_8YEQv_GBAO_xoSEP8WDgz_GhIQ_xgQDv8XDw3_HxcV_xcPDf8VDQv_FQ0L_xQMCv8WDgz_HBQS_yIaGP8jGRf_JRsZ_zUrKv9HPz3_V09M_15aWf9xbWz_dXBt_3Vta_99dXP_hn58_4V9e_-Eenj_j4WD_5CIhv-UjIr_lIyK_5aOjP-ZkY__m5OR_52Ulf-fl5X_o5uZ_56amf-dmZj_nZmY_5iTkP-YkI7_n5WT_6GXlf-bkI7_mJCN_4qFgf-Kgn__cmpo_2NdXf9bV1b_VFNR_1ZSU_9PRkn_TkNJ_1NKTf9XTlH_XVlY_15dWf9pYV__a2Zg_2ZeW_9kWlj_YVdV_1lOSv9fUUj_ZlVL_2VUTP9sXlX_YFJF_1ZEOv9GMyz_NSQc_0tMTv9QUVP_VFRU_0dDQP8-OTX_KiUi_ysmI_8iHRr_IBgW_yYeHP8hGRf_GREP_xwUEv8dFRP_GBAO_xgQDv8ZEQ__GhIQ_xgQDv8TCwn_Fg4L_xYPCf8ZEgz_GxMQ_xgRC_8RCgT_GBAO_xQMCv8WDgz_FQ0L_xEJB_8UDAr_EwsJ_xUNC_8UDAr_FQ0L_xQMCv8SCgj_GxMR_xsTEf8gFxr_HBIT_yUbHP8pHiL_ODAu_0U8P_9NSUj_TkVG_1BLSP9WTU7_XlVW_2ZhXv9qX2P_eXFv_392d_-FfH3_ioaF_4mGgf-Oiof_ko2K_5SMiv-Xj43_l5KP_5-Xlf-cl5P_npmW_52ZmP-Xko7_l4-M_5uTkP-Yjoz_kYaE_4B1c_9yZ2X_XVVT_05FSP9FOj7_RzxA_0U6Pv9EOT__Qjc9_0tARP9OSEj_X1pX_2JeW_90c2__f3t4_4V9ev99eHX_gXl2_4B5c_93bmn_Zl5T_2FSS_9ZS0L_YE9H_11MRP9fTUH_STct_zsqIv9JS0r_SElL_01JSP9JRUT_OzMx_y4mJP8oIyD_JBwa_yIaGP8fGhb_HxcV_x8XFf8dFRP_HxcV_xYODP8SDgv_Ew8M_xINCv8QCwj_EAgG_xIKCP8QCAb_EgoI_xYODP8PBwX_EQkH_xUNC_8VDQv_EgoI_xQMCv8NBQP_EgoI_xUNC_8WDgz_EAgG_xUNC_8WDgz_Fw8N_xYODP8ZEQ__FhEO_x8WF_8hGBn_KiEk_ywjJP8yKSz_Ni0u_zIpKv83Li__OTAx_z00Nf89NDf_RTw9_1FNTP9ZWFb_aGdl_3VxcP99fHr_hn57_4qFgv-Ph4T_l4-N_5GMiP-fl5T_npaT_6KZmv-imZr_mZSR_5SNh_-Zj43_k4mH_4l-fP90ZmX_W1BM_1dMSP9PSkb_TENE_0xDRP9MQUX_Sj9F_1FIS_9aVlP_ZWFe_2xraf90cG3_joqH_46Pif-RkI7_i4yH_42Jhv-LiIH_gn15_3dwaP9vYlr_Z1ZO_1tNRP9gTUb_WklB_0s5L_88LiX_R0hM_1BKTv9APj__OTg2_zIqKP8nHx3_KCAd_yMaFf8lGxn_HxUT_xsRD_8YEA3_FQ0L_xYODP8TCwn_FxIP_xALCP8PBwX_DAcE_xEJB_8SCgj_DgYE_w4GBP8TCwn_DwcF_xAIBv8UDAr_DQUD_xEJB_8PBwX_DwcF_w8HBf8PBwX_EgoI_xAIBv8SCgj_FQ0L_xIKCP8SCgj_GREP_xsTEf8fGhb_IhgZ_ywnJP8vJif_MSgp_yohJP8wJyj_MSsr_zEwLP83Li__NC4w_zkwM_85NTb_Qjw8_1RLTP9jX1z_dG5u_4J7df9-eXb_i4OB_5CIhf-elpP_npmW_5-Xlf-fmZn_oJiV_5iTj_-Wjov_lYuJ_4V7ef-Ac2v_dGdh_2dZVv9kVlX_YldT_2BYVv9kXFr_YFtX_2NeWv9sZ2T_d3Jv_3l0cP97dXX_iYWC_4yLhv-LjIf_ko6L_42Jhv-Oiof_j4yH_4WCe_-Dfnr_f3Vz_3JoX_9qXVT_ZlVN_2dUTf9XRD3_RjUt_0JBRv8-OT3_ODQ1_zQwLf8tKCX_KSEf_yQcGv8iGBb_IRcV_yUaGP8nHRv_IBYU_x0VE_8WDgz_EwsJ_xQPDP8TDgv_EAgG_xEMCf8RCQf_DwcF_w4GBP8RBwb_DgkG_w0FA_8NBQP_EQkH_xIKCP8SCgj_DwcF_w8HBf8SCgj_DwcF_xMLCf8TCwn_EAgG_w8HBf8XEg7_GA8K_xkPDf8lGxn_LiQi_z40Mv9BOTf_PjY0_zo2Nf8-NjT_TENE_0NCQP9GQj__SUE-_0xGRv9IQkb_S0dG_0c_Pf9YUlL_W1dU_29nZf96cm__gHh1_4Z8ev-Mh4P_k4uI_5qTjf-dlZP_mJSR_5eWkv-Yk5D_mpKP_5GHhf-Jf33_fHJp_35saP91aGL_eGpp_29lY_9zaWf_d2xo_3Zxbf92bmz_fXh1_4B4dv9_d3X_fnl2_357dv9-f3r_h4eF_4WBgP-EhYD_h4J__4yIhf-AfHn_hHx5_4B2dP99b2z_c2Ze_3FgWP9pVk__XUpD_z8uJv84ODr_OjU7_zMvMP81Kyr_Lyck_ycfHf8kGxb_JRsZ_yMYFv8dFRL_HhQS_xgTD_8YEA7_FQ0L_xAMCf8OCQb_EAwJ_xALCP8PCwj_EAgG_xAIBv8NCAX_DAcE_w0JBv8KBgP_DgYE_xUNC_8SCgj_EQkH_w4GBP8RCQf_DgYE_xEJB_8UDAr_FA8L_xMOC_8UCgj_GA0L_x4TEf8qHBv_PzEw_0tEPv9XU0r_aF5c_2hjXf9sbWX_bWlm_3Fwa_9taWj_bGdk_2NdXf9fXlr_YmNe_1xbV_9bWlb_Zmhl_2ZhXv9qZWL_amVh_31zcf9-dnP_g356_4yEgf-Zkoz_l5SP_5qSj_-Xj4z_mZSQ_5aRjv-RioT_iIB9_4d5eP-HenL_e25o_4B2dP-Cenf_e3Nw_3t0bv93bWz_d29t_25kZf9uZWj_WVRQ_1RMSf9XUk7_VVBM_2RcWv9pYV__b2pm_3p6cv-BgHv_e3hz_4J6eP9_d3T_fnBt_3dqYv9yZVz_YU5H_1xJQv8_MSj_OjlB_zEvNP8wLCv_Myor_ykhH_8kHBr_HRgV_yIYFv8iGBb_HBIQ_yAWFP8bFhP_GBAO_xUNC_8UDwz_FRAN_w8KB_8UDwz_EAsI_wsHBP8NCAX_DwoH_w0JBv8QCwj_DwsI_xMLCf8NBQP_EwsJ_xEJB_8QCAb_EAgG_w4GBP8OBgT_EQkG_xMIBP8XDAr_Gg8N_xwRD_8mGxn_NScm_1JEQ_9eU1H_YlhW_21jYf9vZWP_dXJt_3Vybf93c3D_cXBr_29sZ_9oaWH_ZWFe_3Bsaf9vbW7_b25q_3Rubv9pZGH_a2Zi_2piX_9wZmT_f3Ry_4d9e_-Jf33_k46K_6Cblf-gmJX_nJSR_5aRjv-Xk5D_jYiE_4uGgv-Fe3n_gnRx_35zb_-DeXf_hnx6_35zcf95aWn_ZFhY_1xOTf9OQkT_Qzk4_z80OP87MTL_Qzk6_zw3NP9GPT7_SUE__0tGQv9aUk__ZFpY_2heXP95cW__fXNx_4F3df9zbGT_dWRd_2lYTv9bSkD_RjMs_zYzPP8rJir_LCgp_ysnJv8mHhz_IhoY_x8aF_8iGBb_IRcV_yUbGf8fFxT_HBQS_xwUEv8bExH_FhIP_xYRDv8WEQ7_Eg0K_xEMCf8NCAX_EAsI_xEMCf8SDQn_DQgE_woFAv8PBwX_EAgG_xMLCf8QCAb_EgoI_xIKCP8SCgj_FAwJ_xYLCf8WCwn_FQoI_x4QD_8sHh3_Kx0c_zosK_9ORkP_VU1K_2JYVv9qYF7_VUtJ_1NLSP9WTkz_W1JT_0hHQ_9ERUD_TEtJ_0pKSP9YV1X_XVxY_2xraf9ycW3_d3Jv_3JvaP9rZmL_bWNh_3JoZv-DeXf_ioB-_5GJhv-clJL_npaT_5yUkv-ZlZL_kpGM_5eQiv-MhIH_gnh2_4F0bv98bm3_gHJv_4Jycv9uXFr_aFZW_15SUv9USUf_UkZG_1NITP8_NDr_Ny4x_zczNP9APDv_PDg3_z42NP9EOzz_ST5E_1NJSP9eUlL_Z11b_3RrZv94bmz_fXBq_3FkXP9pWFD_YE1G_0QzK_82NT3_MjA1_zArMf8tKSr_KyMg_yYeHP8kGxb_JhsZ_yYcGv8iGBb_GhAO_yEYE_8dGBX_IBgW_xYRDv8UDwz_Eg0K_xcSD_8RDAn_DAcE_xALCP8OCQb_EQwJ_wwHBP8VDQv_GREP_xQMCv8SCgj_Fg4M_xUNC_8VDQv_EQkH_w8HBf8QCAX_FgwK_xcMCv8hExL_KBoZ_y8hIP80LCn_Rzw6_0g-PP9CNzX_Ny0s_zQqKf8vJif_Mikq_zMuK_8rJyb_Kyco_z04PP9CPUH_Uk1R_1ZRVf9WVFX_YVxZ_2xsZP90bWf_bWhk_2dcWv9mW1n_gHZ0_42Dgf-Xjon_npaT_5-Xlf-bk5H_lI-M_5WNiv-NiIL_i4F__4F3df96bGv_fG9p_3ZnYv9rWVf_alhU_2NRUf9VSkj_YFZV_3Jpav9bUlP_PzY3_zczMv9bWmD_PDo7_zY0Nf84Njf_S0tJ_2FYWf9NQ0L_TUJA_0pAPv9bU1D_cWhj_3VqZP95bGT_Z1ZO_11KQ_9LOjL_NTg__y8tMv8xLzL_Mi4t_ykhHv8lHRv_KyMh_ykhHv8lGxn_HxUT_yAWFP8dExH_HxUT_x0VEv8XEg__Ew4L_xgTEP8UDwz_FA8M_xINCv8NCAX_DgkG_xQPDP8OCQb_FAwK_xQMCv8SCgj_EAgG_xIKCP8RCQf_EgoI_xIKCP8LAwH_FgwK_xULCf8TCAb_GQ4M_x4TEf8mGxn_MCUj_y0jIf8sIiH_Lyck_yccIP8wJSn_OTAx_y4lKP8hHCL_JCIn_ykoLf8zLjT_NjQ5_0RFSf9XU1L_XFxa_1xbWf9pYV7_b2dk_25mY_9jW1j_ZV1a_3duaf-DeXf_k4uI_5mRj_-hmZf_mpWS_5iVkP-XkIr_komE_4qBfP-Ifnz_dWti_3JjXv9zX17_alhY_2dVVf9iUFD_ZltX_3pxcv93dnT_XlVW_z45Nv85NTL_UlBR_0pGRf8_Ozz_QT9A_2VhYP9qZWL_XlZT_0s9PP9LPTz_V0lI_2dcWP90amH_cWRc_2xbU_9bSEH_STsy_zg9QP8xMjf_PT5A_ysrKf8oIyD_JSAd_yMbGf8jGhX_Jx0b_yYcGv8eFBL_JBoY_yAWFP8fFxT_GxgT_xQRDP8UDwz_FhEO_xkUEf8aFRL_DgkG_xALCP8SDQr_EAwJ_xAMCf8SCgj_EQkH_xIKCP8PBwX_EQkH_xAIBv8NBQP_DAcE_w8HBP8VCwn_FQsJ_xgNC_8bEA7_KR4c_yIYFv8kHBn_IBsX_yggHv80Ky7_UkxM_1FIS_8tJCf_Ix4k_ykoLf83NTr_LCov_zIzNf9WV1v_WlVZ_1RUUv9YV1X_Zl5b_2xkYf9mYV3_Z11b_2ZcWv91a2n_gnp3_5WNi_-Yj4r_nJSS_5uTkf-Wk47_k4uI_5GJhv-PhYP_gnh2_35wbf9yZ2H_cV5a_25bVf9fTU3_Y1FR_2dcWv96dXL_e3p4_2hgXv9EPj7_OjIw_01FQ_8_Pjz_QT08_05KS_9zb3D_eHBu_2VXVv9KPz3_SDo5_2BOTP9mV1D_aFtT_3BfV_9mVU3_YExF_1ZFPf8uPD3_NUFB_zs_Pv8sLSj_KCci_ycjIP8kHxv_Jx0b_yIYFv8mHBr_KB4c_x4UEv8fFRP_GxYS_xcSDv8SEgr_FA8M_xYRDv8YExD_HRgV_xkUEf8SDQr_FQ0L_xMOC_8UEA3_Fg4M_xMLCf8QCAb_DgYE_xEJB_8PBwX_EAgG_xMLCf8UCgj_FAoI_xcNC_8YDgz_HhYT_yIYFv8hFxX_IBcS_yMbGP8pIR__SkVC_1pWVf9STE7_Mikq_yQgH_8jISb_TEpP_zArMf82NDf_bm5w_3Vwdv9oZGX_XVRV_2NcVv9xaWb_a2Zi_2pgXv9iWlf_cWdl_4V9ev-Sioj_l5CK_5mRjv-gmJb_lpOO_42Nhf-TkIn_kIuH_4R_e_-BeXb_g3Zw_3ZiYf9sWlr_bVla_3VlZf9xZWX_eHNv_3dub_9uaGj_UEhF_0U9O_9EOjj_Qj06_0dCP_9hXFb_aGFb_2NZWP9fUVH_W0dG_19OR_9tW1n_c2Jb_2ZYT_9tXFL_aFdP_2FOR_9WRT3_PFFS_z9PT_8pMjH_Jycn_yUiHf8kHxz_Jx8c_yYcGv8lHRr_JRsZ_yMZF_8hFxX_GQ8N_x0VEv8aEg__FA8J_xURDv8XDw3_GxMR_xoSD_8fFxX_FQ0L_xYODP8ZEQ__Ew4L_w8KB_8SCgj_DAcE_w8HBf8SCgj_DgYE_xAIBv8RBwX_EggG_xcNC_8WDAr_GhAO_xgODP8dExH_HxUT_xwSEP8iFxX_MSkm_09HRf9aWVf_UUhJ_zoxMv8vJin_KSMj_zIwM_8tKSr_PTg8_21ucP99eXr_g3-A_15VVv9ZUkz_amVh_3JrZf9rZ17_a2Rc_3Zsav-EfHn_kYqE_5ePjP-Xj4z_mpKQ_5iQjf-Qj4r_k5CL_4iDf_-LhH7_hHx5_3lvbf95a2j_emhm_3ZnYv97aWn_emxr_3RmZf9zaGb_bGFf_2heXP9iWFb_amBe_2BYVf9kXFn_YVdV_2RaWP9lW1n_aF5c_3FhYf9sX1f_c2Ze_3NlXP9yYVr_a11S_2dWTv9lUkv_W0pC_z1XVP88UFH_LjM2_yQkJP8lIh3_Ix4b_yUgHf8lIBz_IhoX_yMZF_8kHBn_IxkX_x4UEv8gGBX_Fw8M_xgQDf8WDgv_Fg4M_xMLCP8aEg__GhIP_xkRD_8WEQ7_Ew4L_xALCP8TDgv_EQwJ_xEJB_8QCAb_DgYE_xEJB_8PBwX_EwsI_xIIBv8WDAr_GA4M_xgODP8TCQf_GQ4M_xwRD_8dEhD_JxkY_ywhH_9JQT7_W1JT_19aV_9UTEr_ODIy_zIpLP80Ky7_Pj07_11bXP9ubG3_b2tq_2dkX_9oZWD_dHFs_2tmYP9ua2L_a2de_2xlXf9waGX_joSC_5CGhP-akZL_m5OR_5ePjP-bk5D_k4uI_5ePjP-QiIb_jIeB_4F3df-CeHb_fnRy_3dsav94amn_eWtq_3ZoZ_94bWv_eGpp_3VnZv9xY2L_b2Vj_3VnZP9zaWf_ZWBc_3FnZf9vZ2T_dWtp_3Zsav9-dXD_d2xo_3ZrZ_96bGP_dGpg_29hVv9vYVj_aFdP_2tdUv8-Xl3_P1JW_zRAQP8nKSb_KSkp_yQjH_8hHBn_HRkW_yUcF_8dGBT_HhYT_yAWFP8bExD_HxcU_x8XFP8WEQv_FRAK_xQNB_8UDAn_EwsI_xsUDv8ZEQ__Ew4L_xALCP8UDwz_DwsI_w8HBf8PBwX_DQUD_w8HBf8QCAb_EAgG_xMLCf8YDgz_FAoI_xQMCf8UDAn_FwwK_xoPDf8hFxX_JxkW_ysdHP81Jyb_OzAs_0xDPv9XT0z_W1NQ_1FMSP9aUlD_WlJQ_21kZf91bG3_eHNw_3dybv93cm7_c25q_3Vybf9zcGf_bGlg_3JrY_9tZl7_enBu_42Dgf-SiIb_m5SO_52Uj_-Xko7_koqH_5GMiP-VjYr_lo6L_46Gg_-LhH7_jIKA_4F5dv96cm__fHFt_3VqZv90aWf_cWFh_3BlY_92a2n_cmRj_3dpaP93bWv_d21r_3dvbP99dG__gHh1_391c_-Eenj_f3ty_4B8c_97cmv_fG9m_3ZsYv90Z17_c2JY_2xbU_9gU0v_RWNl_0dhYv87SFD_Jygs_x8hIP8kIyH_JCAd_yMeG_8dGhX_JBwZ_xsWEv8fFxT_HxoW_yAYFf8dFRL_GxQO_xMOC_8PBwX_EwsI_xUOBv8TCwj_Fg4M_xkRD_8OCQb_EAsI_xAIBv8OBgT_DgYE_w4GBP8PBwX_DwcF_xEJB_8TCwn_Fg0I_xMJB_8XDAr_GQ4M_xgODP8fEQ7_KBsV_zIlH_8-Lyr_Piwo_z8tK_9FNjP_UEBA_0o_O_9SSkf_YVlW_2lkYP9sYmD_cGVj_3FnZv9uZGL_bGJg_3Vraf9ycmj_dXJr_25uYv92b2f_cmtj_3NsZv-Jf33_mI6M_5uWkv-bk5D_lZCM_5ePjP-TiYf_koiG_5mRjv-XjYv_k4mH_46Egv-LgX__hX54_4F5dv97c3D_dWxl_3dwav98cW__emxr_31vbv95bmz_gnh2_4B4df-EfHn_g3l3_4iAff-Jf33_hHp4_4J5cv94dGn_gHdu_3x0af99cGf_dmpe_3ZlXf9zYlr_ZFpR_09tb_9YcHT_P05T_y0uMv8fIR7_GxoW_x8bGP8iHRr_JB8c_xgYEP8cFxP_IhoX_yQcGf8hGRb_HRUS_xgQDv8VEA3_EAwJ_xAIBv8QCAb_EAgG_xUNC_8ZEQ__EAsI_w8KB_8NBQP_EQkH_w8HBf8OBgT_EQkH_xEJB_8UDAr_FQ0L_xULCf8VCwn_EgoH_xgODP8aDw3_IBMN_ywfF_81KCD_RDUu_0w7NP9TQjv_U0Q9_1lKRf9cTUr_Y1VU_3JnZf9wZWP_al9d_2haWf9yZGP_cmlk_3NpZ_91bGf_eHZq_3RwZf9ybGD_eXBn_3FqYv9-dnT_iYF-_5SMif-el5H_lIyJ_5mRjv-QhoT_lIuG_5SMif-TiYf_mI6M_5eNi_-TiYf_joWA_4yEgv-EfHn_gnp4_4J6eP-Ae3f_fHdx_4J4dv-CeHb_gnh2_4R6eP9_dXP_hn57_4J4dv-Fe3n_iH17_4Z8ev-De3j_fnlz_4F3bf94cWf_eXJq_3xyaf90amH_cGRY_2ZdVP9edX3_VGxw_z9KUP8pLDH_ISIk_x0dHf8fGxj_HxsY_yUgHf8dHRX_IB0Y_yAdGP8cGRT_HRUS_xwXFP8ZFBH_GBMQ_xENCv8SDgv_DwcF_w4GBP8VDQv_FQ0L_xALCP8OCQb_DwcF_w4GBP8RCQf_EQkH_xIKCP8RCQf_Fw8N_xUNC_8WDAr_FgwK_xUKCP8YDQv_IxgW_ygaF_8wIxv_PTAo_0w9Nv9RQzr_Wk1E_1hHQP9mV1D_ZVhQ_2pdVf9mW1n_cGFc_29hXv91aGL_eG9o_3dwaP99dm7_fXZu_3pzaf92b2f_d29k_3RsYf90a2T_fXNx_4iDf_-Wjov_l5KO_5iOjP-RjIj_joWA_5KKh_-Ph4X_lIqI_5GHhf-Uioj_lYuJ_5SNh_-RiYb_j4eF_42Fg_-IgH7_hn58_4iAff-Gfnv_hX16_4iDff-IgXv_iH96_46FgP-JhID_i4F__4d9e_-JgX7_iIB9_4SAd_-EfXX_f3hu_4N6df99cm7_fXNp_3drX_9uZFv_WXV5_1Jla_86P0X_KCcs_yUmKP8fHx__Hh4e_x0cF_8cGxf_HRgV_x4bFv8bGxP_HhsW_xoXEv8XEg__GRUS_xsWE_8RDAn_EAsI_wwIBf8OCQb_ERAM_xINCv8RDAn_DQgF_xAIBv8PBwX_EAgG_xIKCP8QCAb_DgYE_xEJB_8WDgz_FgwK_xgODP8WCwn_FQsJ_yYYF_8pGxr_QzUy_0xCOP9WSUH_XE5F_2BTS_9nWFH_altU_2lcVP9xZFv_bF9Z_21nW_9ya2H_dXFl_3t0bP-CeXT_f3Ry_3pxav95b2P_enJn_3pwZ_91aGD_dmdk_4R6eP-OhIL_k4uI_5aMiv-dj4z_lIyK_5GHhv-RiYb_k4uI_5SJh_-Uioj_lIqI_5OIhv-Uioj_kYmH_5aNjv-Ui4z_jIV__4d_fP-Ce3P_hX17_4V7fP-IgH3_i4KD_4-Hhf-LhH7_ioN9_4eAev-Og4H_iYJ8_4Z-e_-LgX__gnt1_4N6df-DeHb_hHdx_39xbv98cmn_eGpn_2R4f_9HVFz_KTA2_yUpLP8lJir_JCUn_yEhIf8iIiD_HRwY_yAbF_8eGRb_HRgV_xwZFP8aFxL_GxgT_xcSD_8UDwz_FhEO_w8KB_8OCQb_DgkG_xEMCf8QCwj_DwoH_xEMCf8TCwn_EgoI_w8HBf8QCAb_DwcF_w4GBP8RCQf_Fw8N_xgQDv8YDQv_FwwK_yEYE_8lGhj_NScm_0k-Ov9TRUL_YVdO_2BWTf9mXFP_aWBZ_3FjYP94bmX_d2lm_3NvZv9zb2T_dXFm_315bv-BeHH_hX50_4J3cf98cmj_eW9m_3RnX_96aWL_b2JZ_3RpZ_-HfXv_kYmG_5iNi_-YjYv_m5CO_5eMiP-Ph4T_ioWC_5KKh_-TiYf_koeF_5GHhf-SiIb_lIyK_5OLif-SjYr_mZCR_5aRjf-Lg4D_ioV__42Fg_-OhIL_hX17_42Fg_-MhIL_j4eE_4-HhP-NiIT_jYOB_46Egv-Ng4H_jYKA_4h-fP-Eenj_h3l4_4J3c_-Acm__e3Fo_3NlYv9Yanb_N0RM_y02Pf8gJSn_JCcs_yYqK_8mKin_Jyko_yQjIf8iIR__HhYU_xwXE_8ZFBH_HRgV_xgVEP8XEg__FRAN_xgTEP8TDgv_EAsI_xINCv8QCwj_DgkG_xALCP8OCQb_EAgG_w4GBP8MBAL_EwsJ_xYODP8VDQv_EAgG_xUNC_8YEA7_FRAN_xcOCf8lGhj_LCEf_z40Mv9WTEr_W1JN_2NbUP9oXlT_b2Vc_25nXf9tZmD_dGdh_3Zvaf95cmr_eXdr_314cv-AeXP_gnlw_4N6df-GeXD_f3Bp_3VoYP90ZV7_d2hh_3BmXf96cWz_iX58_5CFg_-Yjoz_k4iG_5eMiv-Uioj_koiG_4uCff-Kgn__joN__5OIhv-Vh4b_i4OA_4-Hhf-Sioj_lY2L_5aOjP-Xjo__mY-Q_5KJjP-Ph4X_kYmH_5CIhf-Lg4H_jYWC_46Gg_-Ti4n_kIiF_4qAfv-Sh4X_koSD_4-Egv-Ng4H_in99_4V6eP-DdnD_g3Zw_3pwZ_93aWb_S19m_zVITv8nNjn_JjE1_xwmJ_8pMzL_NT0__y8wMv8nJyf_Hx4a_xsaGP8bFxT_GRQR_xcTEP8aFRL_HhkW_xkUEf8WEQ7_EAsI_xMOC_8QCwj_EQwJ_w4JBv8NCAX_EQwJ_xAIBv8MBAL_DwcF_xEJB_8TCwn_FAwK_xEJB_8UDAr_Fg4M_xcMCv8aDAv_IxgW_zctK_9NQkD_XlRS_2dcWP9uYVn_c2Zd_3VoX_94bGD_dWti_3ttav99dGv_fXZs_4B8c_99eW7_g3x2_4Z9dv-EfXX_hXty_35xaf97bmb_eWxk_3ZpYf93aWb_fnVw_5CGhP-PhIL_mYuK_5eNjP-XiYj_lYeG_5CFg_-QiIX_j4WD_5CFg_-PhIL_mYuK_5SKiP-OhoT_koqH_5WNi_-Yjoz_m5OR_5iNkf-Xjo__loyL_5GJh_-Rh4X_lo6M_5KKiP-QiIb_koqI_5GNhP-Wjov_mIqJ_5CFg_-QhYP_joB__4x-ff-Fd3b_h3l2_4J0cf-EenH_eG1p_0tkaP84UFT_L0hM_y0_Qf8iNDT_KTk4_z1JSf88REb_MTI0_yQmJf8cGxn_HRkW_xoWE_8bFxT_HBgV_xkUEf8aFRL_FRAN_xEMCf8OCQb_DQgF_w4JBv8SDQr_EQwJ_xALCP8MCAX_EQkH_xAIBv8SCgj_EwsJ_xEJB_8PBwX_FAwK_xYMC_8VCwn_GQ8N_ywhH_87MzD_WE5M_2pcWf9pXFP_d2tf_3lsY_97bmX_fnBn_391bP-EfHH_g3lw_4V6dP-DfHT_hH1z_4d-ef-Fenb_hXhy_3huZf94a2P_eGtj_3JlXf9yaF__dmxq_4J4dv-QgoH_koSE_5WKiP-XjYz_loyK_5aLif-TiYf_koeF_5CIhf-PhIL_kYOC_5OFhP-PhIL_jYOB_5OIhv-Vi4r_m5CO_5WSjf-ZjpL_l4yQ_5WMj_-YkI7_lpGN_5WNi_-Ti4n_koqI_5GJh_-Vjoj_lo6L_5aOi_-UhoX_kYaE_42CgP-Nf37_iXt6_4l7ev-GeXP_gnt1_3BjXf9Uc3j_QWBi_zRTVf8wTFD_LUJD_yM3OP87S0r_P0lK_zM0Nv8kJiX_HBwc_xkYFP8aGRT_HRkW_xkVEv8WEQ7_FRAN_xkUEf8VEA3_Eg0K_xMOC_8QCwj_Ew4L_xALCP8PCgf_EQkH_xAIBv8SCgj_FAwK_xAIBv8QCAb_EwsJ_xEJB_8TCQf_FQsJ_xwUEf8xJiT_Rjs5_2BVUf9lV1T_c2Jb_3xrYf97cWf_em1k_4Bza_-Fe3L_iHtz_4yCef-NgHr_jH93_4l8dP-GeXP_hnlz_4V2b_-BcGn_d2Zf_3NiWP9qXVX_cmpd_3hwbf-Fenb_iXt6_5WHh_-ThYX_lYuK_5CGhP-ajIn_louJ_5aLh_-NgoD_j4GA_4-BgP-KfHv_in99_4h-fP-PhID_kYaC_5eMiP-ZlJD_mo-T_5aLj_-flJj_nZKW_5iQjv-bk5H_lI-J_5aRjf-bkZD_mI6M_5eNi_-ZjY3_lYeG_5SGhf-QhYP_iXt6_4d5eP-Gfnv_g3x2_4N6df9nWVb_THJz_zddXv8vU1P_JEZH_zBNS_8nQD3_KDs5_ys1Nv8mKin_Hh4e_xoaGv8bGxv_GBgW_xkYFP8ZGBT_FBMP_xkUEf8ZFBH_FA8M_xUQDf8SDQr_DwoH_xEMCf8OCQb_DgkG_w8KB_8RCQf_EwsJ_xMLCf8PBwX_EQkH_xEJB_8PBwT_FgwK_xMIBv8aEA7_OSsq_0tDQP9cUU3_a2NY_3ZpYf99bGL_gXNq_4J1bP-Ee3L_hnlx_4d6cv-GfHL_in95_4-Ae_-Lfnb_iHdw_4l4cf9_cGn_eWRf_3BfVf9vYln_b2BZ_3NlYv9_dHD_iHp5_5CBfv-Zi4v_loiH_5aKiv-ZiYn_joSD_5OJiP-OhYD_kIaE_42CgP-KfHv_j4GA_4t9fP-Je3r_j4GA_4uBf_-Viob_lpGN_5aLj_-aj5P_mJCO_5eOj_-ako__k4uI_5iQjv-dlJX_nZSV_5ySkf-ZjpL_l42M_5aIhf-QhoX_joCA_4-BgP-Mfn3_hX16_4N6c_9-dXD_WEtF_0hxd_88ZGb_LlhX_ydJSP8xT0__KUFB_ys-PP8qNjT_IiYl_x8hHv8eHh7_HR4Z_xkYFv8XFhT_FBEM_xIOC_8WEQ7_FhEO_xsWE_8VEA3_FRAN_w8KB_8PCgf_DQgF_xIKCP8TCwn_DgYE_xAIBv8RCQf_DwcF_w8HBf8TCwn_EQcF_xcMCv8ZDgz_HxUT_zQqKP9HPzz_XU9O_2teWP91aGD_emxh_4V0bP-BdGv_g3lw_4l8dP-JfHT_jX92_4l6c_-NfHX_iHdw_4d2b_-DdG3_fWhj_3dfW_90X1r_cWJb_2xZVf92bGP_fXJs_4t9ff-Rg4L_loeK_5iKh_-Vi4n_mY6K_5CGhf-SiIb_jYOB_4V6eP-Jfnz_inp6_42CgP-LfXr_h3l4_4d5eP-Nf37_iH58_5CIhf-Rh4b_lYuM_5eOj_-Xj43_l46R_52Ulf-ck5T_pp2e_5mQk_-ZjpL_lImN_5CGhf-UjIr_lIaF_5GDgv-Nf37_iXt6_4l_ff-DenX_gnl0_1dJRv9CaHP_PWls_zRdYf8yWlr_LVRT_zRWVf82S0z_Lj49_yUtL_8bHx7_HyEe_x4eHP8fIBv_GxoY_xYVE_8UFRD_FBAN_xcSD_8aFRL_FxIP_xALCP8SDQr_Ew4L_w8LCP8SDQr_EQkH_xQMCv8OBgT_EAgG_xAIBv8UDAr_EwsJ_xIIBv8VCgj_HBEP_xwUEf8xKSb_TD49_1pMS_9sXl3_c2Vk_3dtZP-Id23_inxx_4J4b_-Mf3f_iX91_5F_e_-UgH__j315_4x7dP-JeHH_fm1m_3piXv92Xlr_dmNd_3VmX_91ZF3_eGtl_390cP-PgX7_mIqJ_5SKiP-bkI7_mo-N_5iIif-MgoH_kYeF_5KEg_-PgYD_j4GA_5OBf_-PgYD_i319_4t9fP-Ge3n_iHp5_4N1cv-Je3r_jX98_5CGhf-SiIf_lY2L_5aLj_-Yk5D_nZmY_56Zlv-elZj_mI2R_5mPkP-SiIf_lIqJ_5OFhf-UhoP_joB__4x-ff-Ge3n_hHp4_4qBfP9GODf_WYCP_1l_iv9OdXz_Rm91_zNZXP9PcHf_OFVb_ztOUv8wNz3_HyMk_yEhIf8eHh7_ICAe_xwbGf8XFhT_FBMP_xURDv8WEQ7_FhEO_xoVEv8VEA3_Ew4L_xINCv8PCgf_DgkG_xEJB_8UDAr_Fw8N_xMLCf8WDgz_Fw8N_xYODP8TCQf_FAYF_xcMCv8eEA__Micl_0g6Of9XTEr_ZVpY_3RpZ_94bmT_iHdv_4h5cv-Me3P_jYB6_4h9d_-LfHX_j315_45_ev-LenP_hXZv_4JqZv97Yl7_eWZi_3tqYv9xYFj_cGFc_3hqZ_-HeXb_jX9-_42CgP-Uioj_o5mX_5iNif-QhoX_kYeG_5WHhv-Rg4L_kYOC_5GDgv-Og4H_kYaE_5KEhP-KfHv_h3x6_4l7ev-Je3r_iXt4_4V3dv-Jfnj_kYeG_4yEgv-RhYf_mZCR_5SQj_-alZL_mY6S_5qQj_-TiYr_j4WE_5OJiP-ShIT_loiF_5KEgf-Nf37_hHp4_4J4dv-Bd3X_PS8u_16Blf9wkp7_X4SN_1l_iP9Nb3j_S3B4_0dkbP9DV17_Ljk9_xsfIv8gJCX_HiAf_ycnJ_8uLSv_JCQi_xwbGf8WFRP_FBAN_xINCv8YExD_FA8M_w8KB_8SDQr_Eg0K_xMOC_8XDw3_EgoI_xIKCP8SCgj_EAgG_xQMCv8SCgj_EwoL_xoRDP8WDAr_HhAP_y0dHf9IODj_W0tL_2lZWf92Zmb_e25l_4l3bf-JeHH_iXpz_4t-dv-EenH_i3pz_415eP-OfHj_i3pz_4Fwaf-AaGT_eWFf_3VhYP98aGf_dmVe_3BhXP94bWf_hHl3_41_fv-Mfn3_kIaE_5yQkP-Yjo3_lIiI_4-EgP-XiYj_kYOC_4yBf_-XiYj_j4SC_5aIiP-UhoX_k4iG_4l3d_-Jd3f_jnx6_4l7e_-KfXf_h3l4_41_fv-QhYP_jIKB_4uAhv-Vi4z_mY6S_5OIjP-PhIj_lIqJ_42Fg_-OhIP_jIKB_46Cgv-Mfn3_h3l4_4F3df-DeXf_f3Vz_zQmI_9jhJf_bI6a_2qMlv9piZT_ZYWQ_1FxfP85U2D_KDxD_x8uNf8cICP_IB8k_yAgIv8tLS3_MzMz_yYmJP8dHBr_FhYU_xEQDP8SEQ3_GxYT_xUQDf8QCwj_FRAN_xQPDP8RDAn_DgoH_w4JBv8UDAr_Fg4M_xEJB_8RCQf_EQkH_xEJB_8WCwn_FwcH_x0PDv82Kyn_UEJB_15OTv9tXV3_dmlj_3xvZ_-Ec2v_hXRs_4t6cv-JeHH_jHp2_49-d_-RfXz_kH93_459dv-Fcmz_fWxl_3RgWf90Y1v_eWpj_3VjYf9rXVT_fGpm_4h6ef-Idnb_jX19_5yNiv-UiIj_jYWD_5SJh_-ShIP_kYOC_5CCgf-Ge3n_jX9-_4uAfv-Kfn7_in99_417e_-OfHz_int4_41-e_-PgYH_kIKB_4Z4d_-Je3r_hnt5_4Z_ef-LgH7_j4WD_5OLif-Qh4L_jYSF_5GDg_-NgYH_joKC_46Eg_-PgYH_i318_4V7ef-DeXf_hHp4_3lvbf8yJR__Wn-R_2SIlv9qjJb_YoSO_1yBiv9JaXT_LkVT_ys8Rv8hJzP_ICUr_x8gIv8fHx__ISEj_yYlIf8fHhz_EhIQ_xUUEv8SDg3_Ew8O_xMOC_8RDAn_Ew4L_xYRDv8TDgv_FA8M_w8KB_8QDAn_EgoI_xMLCP8SCgj_EQkH_xAIBv8UDAr_FAoJ_xEHBv8dDw__Oy0t_1hKSf9kVlX_bl5e_3hoaP9-cG__g3lv_4V4cP-DeXD_in11_4h2cv-OfHj_i310_4x7dP-Fd27_g3Rt_39nY_9xWVX_blZS_3FZVf9sXlX_bltU_2xYV_-Bb23_hHJy_4JwbP-KeHb_j4GA_5GDgv-MgX__iX19_4p8e_-Bc3L_hHR0_4Bubv92ZGT_fmxs_4Fxcf-GdHT_iXd3_4l7ev-ShIT_koSB_4x-ff-Je3r_h3l4_4t7e_-CdHP_iH15_4aBfv-PhID_jX9-_4-BgP-Nf3__kIKC_5ODhP-Jf37_i319_4h9e_-CeHb_f3Vz_3xycP95b23_LB0a_2WMnf9ni5v_XoSR_1t9h_9afIX_U3V__zROW_8lN0H_Iyw1_xwjK_8gISX_JiUq_yEhI_8hISH_KCMn_xcWFP8UExH_EhIQ_w0MCv8NDAr_ExQP_xALCP8WEQ7_FA8M_xINCv8SDAz_DAsH_w4KCf8MBgb_EAcI_xIJCv8TCgv_EAgG_w4JBv8PBwX_FgoK_zIkJP9SREP_Z1lY_3BiYf92Zmb_em9t_3xzbv-CeXL_iXxz_4N2bv-KeXL_hnVu_4l8dP-IeXL_fW5n_4BvZf92X1n_bVNS_2ZOSv9kS0f_YExF_1tKQ_9eTUb_aldT_3RiXv96aGb_gnBw_4l3d_-Jd3f_h3d3_4V1df99bW3_blxc_1tHSP9eREf_Z05R_2xWWP90W17_fGpq_4Vzc_-ThYX_jX9__46Af_-OgH__hXd2_4Fzcv-BcXH_gnBw_4J0c_-GfHr_iHp5_46Af_-NgHr_koSE_4Z4eP-KfHz_iXt6_4R5df-Je3r_iXt6_391c_98cnD_cGdi_yYYFf9lk6D_aJCc_2SPlf9nj5v_ZpGY_1l9if81VWD_KTxK_yQuOP8dKC7_HB8k_yQjKP8hIib_ICIh_x8hIP8aGhz_HBsZ_xQTEf8NDAr_DAwK_w0MCv8OCgn_Eg0J_xANCP8WEBD_EgwM_w4KCf8NCQj_CwoI_woJB_8UCwz_EAcI_xAIBv8RCQf_EAYF_xIGBv8uICD_U0VE_2RZV_9uYF__dmhn_3twbv99dG3_gXhz_4N2bv-Cc2z_hHNp_4ZzbP-Dcmr_f2xl_3lmX_94Zlz_eF5d_29VVP9mTEv_YkhH_1tJP_9VQjz_U0I6_19MRv9tUlf_cVhb_3RgYf94ZmL_fmpr_4Bsbf91Y2P_b15X_21ZWv94ZGX_emZn_4Bubv94ZGX_fGpq_4Nxb_-Kenr_iXt7_4p8fP-Ienf_hHl3_31ycP97bWz_dGZl_3ZmZv-Abmz_fHFv_4d5eP-KfHv_hXd2_46Af_-Mfn3_jH2A_4p8e_-Fenj_g3l3_4J4dv99c3H_eG5s_3JpZP8kFhP_ZJKf_1-LlP9fiZX_Yo-V_2mRmf9iipT_R214_yI2Qf8iMDn_ICoz_yEmKv8mJyv_HiIl_x4fI_8iISb_Ghsd_xgYFv8QDw3_Dw4M_wsKCP8ODgz_DhAN_xAMC_8OCgf_EAwL_xAMC_8TDw7_DwsK_wwIB_8NCQj_DgoJ_w8HBf8OBQb_EQkH_xALCP8UCAj_HhYU_0o_O_9hVlT_aV5c_3NlZP94a2X_dWpm_31vbP-GdW7_gG9o_4Nwav-Fcmz_eGdd_3hmWv90Y1n_cF9X_3hgXP9tU1L_aVFN_2dPS_9lTUn_XUVB_2BLRv9jS0n_blZW_2xUUv9tVVP_eGBc_3hfYv93X1v_dVxf_35rZ_98amr_fm9s_31ua_-DcXH_gnJy_4Z4eP-Je3v_iXt7_4R2dv-GfHv_hX16_4N5d_96b23_e21s_3tnZv90YmD_fGdm_3NoYv99bW3_gHJx_4Bycf-Le3v_inp6_4d5eP-IeHj_gHVz_393dP95bmz_fXNx_3dta_9wZmT_Kh0X_2SUnv9lkJf_WoKO_12KkP9lj5v_V3-L_ylLVP8dMTj_Gi41_xokLf8gKCr_Hh8h_yAhJf8bGh__Ghke_xQUFv8RERP_FRUV_xEREf8REA7_DQwK_w8ODP8PDgz_Dg0L_woGBf8KBgX_CwcG_w4KCf8KBgX_DAgH_w8LCv8MCAf_EAcI_w8HBf8RCQf_DQUD_xIKCP9GPTj_WlJP_2VdWv9wYl__c2Vi_3xvZv97bmb_fGtk_4Jxaf-AbWf_fWpj_3NiWv94Zlz_dWRc_3JiVf9wYVr_cV5Y_3JfW_9lVE3_Yk9J_2BNR_9iSkj_ZU1L_19HR_9jS0n_Y0tL_2xUVP9vV1X_cVlX_3RgYf-Bcm3_i3x5_390cv-Ge3n_iXt6_4R2df-Fe3r_jX9__4p8fP-Mfn7_h399_4eCfv-BeXb_f3d0_4h6d_98amb_dGBf_2xaVv91YWD_dGVi_39ta_9_bmf_fW9u_4Fxcf9-cG__fG5t_350cv96cm__e3Fv_3xycP95b23_bmRi_yIbFf9hlJj_X4yS_1yJjv9Sgob_XYmS_0ZwfP8aP0f_IjpG_xwuOP8gLzb_Hisx_yAlKf8iIyX_HB0h_x4dIv8PExT_FBQW_xMTFf8YGhn_EhcT_xAPDf8ODQv_ERAO_wwMCv8LCgj_CgkH_wwIB_8MCAf_CgYF_wwIB_8MCAf_CQUE_w0MCv8NCAX_DwcF_xEJB_8TCwn_OTIs_1RKSP9hV1X_aGBd_3NlYv9xaV7_em1l_35tY_9_bmb_eWVc_3BcU_93Y1r_dGFa_3JhWf9vXlT_cmFa_3RjW_9yYVr_cF1Z_2ldUf9mVFD_Z1RN_2dTVP9iTk__YkxP_2pVVP9qVVT_aFZW_3RiYP93Z2f_gnRz_4d8ev-MgX__iX99_4uAfv-KgH7_hn14_4d_ff-Je3v_hn58_4iAfv-FgHr_iH17_391c_-HfHr_hHZ1_3ZoZf94ZmL_b1xY_21aVv9yYFz_eGZi_31raf-CcGz_gHBw_39xcP99cnD_e3Fv_3ZtaP96cG7_dGpo_3NpZ_8fFhH_ZI-W_2mUm_9YhYv_VoWL_1eDjv9FbXf_LlBa_x89R_8kP0b_KD5J_ytARf8jKjL_JSks_yEiJP8eHSL_GBkb_xYXGf8RERP_Dw8P_w4ODv8PEAv_EA8N_w0MCv8REA7_CwoI_wcGBP8JCAb_DQkI_wsHBv8LBwb_DQkI_wsHBv8IBwX_DwcF_w4GBP8QCAb_EgoH_ycdG_9LQD7_WE5M_2NVVP9tX1z_b2Jc_29iWv91Z17_dWJb_2xYUf90YFn_dGFa_3RhWv9yX1j_bVxU_3NiWP91ZFz_cmRb_3NiW_90Y1z_b15X_25gV_9wXlz_bVpW_25cWP9yYFz_dmRi_3dlYf98amj_fG5t_4t9fP-Ienn_iH15_4d9e_-Ge3n_hn57_4l-fP-LfXz_kIKC_4p7fv-FgHz_hn95_4Z-fP-CeHb_hX16_4N5d_99dG__fXNx_3JhWv9pWE7_aFVP_21aVP95Z2X_e2tr_39vb_-Bc3L_enBu_31zcf96cG7_dmxq_3lvbf9vZWP_HxYR_2eNlv9rlJr_ZpGY_2GMk_9bhZH_SnJ-_zJSXf8pSlP_KkdP_ydDR_8sQUb_KjU5_x8iJ_8eHyH_Gxof_xQVF_8MEBH_Dg4O_woKCv8MDAz_DQ8M_xMSDv8PDgz_CgkH_wsKCP8HBgT_CgoI_wwIB_8MCAf_DgoJ_w0JCP8QDAv_DQkI_w4JBf8PBwX_DwcF_xIKCP8aDw3_Rjw6_1JIRv9fVVP_alxZ_21mXP9wY1v_cF9V_21aU_9uW1T_d2Rd_3ZjXP92ZV3_dWRc_3NiWv9xY1r_eGdf_3ZlXf90Y1n_eGdg_3BnXv90Zln_eG1n_35rZ_96bWf_f3Rw_4F0bv-Hd3f_hnh3_4p8e_-Je3r_jH5-_4l_ff-LgH7_jIKA_4d8ev-KfHv_iXt6_4uAfv-DeHb_hHp5_4R8ev-Cenj_gXl2_396dv-Hf3z_gXl2_3xycP97bmj_cWNa_2ZVTv9sXVb_cmBc_31wav98bm3_eW5o_3xycP97c3D_enBu_3txb_94bmz_eXRw_xsSC_9wlZ7_cJKc_2eMlf9pj5j_YoiT_1R6g_9Ob3j_MlNY_ypHS_82T1P_QVZb_zVDRv8dIyP_GRoe_xUWGv8NDw7_CQoM_wcLCv8LDQr_CQkJ_woKCv8MDgv_DQwK_w8ODP8HBgT_CwoI_woJB_8ICAb_DgoJ_w0JCP8MCAf_DgoJ_woGBf8PBwT_EAsI_xEMCf8TCQf_FAwJ_0A2NP9SSkf_XlRS_2FaVP9oYVn_b2Vb_3FjWv9mWE__bVxS_3JhWf9xYFj_eGdf_3ZlXf9wX1f_dGha_3RoWv93a1__c2Zd_3tqY_94aWL_dmlg_35vav-Fc2__gXJr_4Z7df-Ne3n_i3l1_4p8ef-LfXz_jH5-_4x-fv-IfXv_hXx3_4l_ff-LgH7_joB__5CCf_-FfHf_joB9_4V7ef-FgH3_hHx6_4V9e_9-d3H_gHZ0_4B1c_99c3H_fW9u_3ZlXv9rXVT_a1xV_3FiW_93bGb_fW9u_3xxbf98cnD_fHJw_3tybf92bGr_dGpo_2thX_8aEQz_dZeh_3GTnf9tj5n_Z4uX_2KEjv9Ze4X_SWxy_0FiZ_8wUE__OFFV_0FWW_8vPUD_JC0s_xkaHv8UGBn_EhMV_wwND_8LDA7_DQ4Q_w4QD_8SEhL_EhQR_xMSEP8PDgz_Dw4M_w4NC_8IBwX_CQgG_wwMCv8KBgX_DwsK_wkIBv8PCwr_EAsI_w4JBv8NBQP_EAsI_xMOCP8tKCT_SkI__1xSUP9gXFP_aWBX_2xjXP9xZFv_bVxU_25dVv9rWFH_c2JY_29eVv9zYlj_dGNZ_3VkWv9tY1r_b2Ja_3tqYv95aGH_d2Ze_3ppYf-Bb2v_gm5t_4Zycf-DcXH_hHVy_417d_-KeHb_hHl1_4R4eP-KfHz_hnt3_5CCgf-If3r_jX98_4Z4d_-KfHv_inx8_4x-ff-Nf3z_hH98_4J6eP-BdXX_g3l3_4d5eP-AdXP_gnRz_3psaf96bWf_bmBX_21cVP9uYVn_d2lo_4Byb_96bGn_e3Fv_3twbv93cGj_e3Fv_3lvbf9xZ2X_GhEM_3GTnP9tj5n_a4-d_2SIlP9egIr_U3V-_0Zpbf9GaGr_L01P_zNMUP82S07_N0dH_yUvMP8fJCf_ISon_xgZG_8VFhj_FBUX_xYXGf8UGRX_FhYW_xMTE_8NCwz_DQwK_w0MCv8LCgj_CwoI_xEQDv8ODQv_DAwK_w8ODP8ODQv_DAgH_w0MCv8MBwT_DgkG_woFAv8UCgn_IRkW_0ZBPf9ZUU7_YFxT_2dgWP9yaWT_d2pi_25dVf9wYln_a1pT_2VXTP9pWFD_aFpP_2xbUf9yYVr_cF9Y_25dVv9yYVr_cV9b_3FiW_95ZWT_fmpp_35qa_-Abm7_hXNz_4h4eP-HdXP_jXp8_4t4ev-IfXv_kX1-_4h2dP-Cdnb_g3h2_4Z4d_-GeHf_hnt5_4Z4d_-Fc3P_gHVz_4B4df-BdXX_eGpp_3ttbf96bGv_eGho_3NlZP91a2L_fnFo_3NiWv9sXlX_cGNb_35wbf-AcnH_fXBo_4B1cf93bWv_fnVw_3pxbP98dHH_aGNf_xoRDP9tj5n_bpOb_2qPmP9rkJn_YIKL_1J0ff9GaW3_QWBj_ztZW_8uR0v_LEFE_yMzMP8wPDz_M0FB_yYvLP8aIyL_GiAg_xcYGv8YGRv_Fxsc_xEREf8PDw__DAwK_wgJBP8JCAb_CgkH_wkIBv8REA7_Dw4M_w8ODP8UExH_CgkH_w0MCv8NDAr_CgkH_wsIA_8PCgf_EAsI_xkRD_8_Ojf_UEtH_19aVv9oZFv_cGlh_3NtYf9uZFj_aVpT_29hWP9pVk__Xk1F_1hFP_9TQDz_WUZC_11IQ_9dSEP_X0xG_2pVUP9mUUz_Z1JR_29VWP91XF__c1la_3RaW_98amr_gm5w_35oa_91X2H_dGRk_3tpaf90ZGT_dWNj_3NkYf90ZGT_d2dn_3BgYP9xX13_blxY_2tcV_9uXFr_YlJT_1E_P_9DNDH_T0I8_2VWUf9uYF3_cmdh_3dmX_91ZF3_c2JY_3BjW_95bmr_fG9p_4F2cP9-cWv_enNr_3txb_99dXL_dXBs_2JYVv8WDQj_ZoyX_2iRl_9iipT_YISQ_2OFj_9Qc3n_TXB0_0Riav8wT1H_LUtN_yhERf8ySkr_OkxM_zA_Ov8gKSj_HiQk_xkfH_8SGBj_Fxga_xQYF_8UFBT_EhIS_w8PD_8NDQ3_DQwK_xAPDf8PDgz_ERAO_w4NC_8SEQ__ExIQ_w0MCv8KCQf_DQwK_w8ODP8QDQj_EAsI_w8LCP8YEA7_Misl_05GQ_9aUE7_YVpQ_2xlXf94b2j_cGZc_3JkW_95aGD_Y1ZN_15NQ_9JNSz_PCQi_zkhIf85ISH_SC8y_1c-Qf9aQUT_YEpM_2NNT_9hREj_ZkdM_2tOU_9qTVH_b1RZ_3NWWv9zVlr_bVRX_25YWv9tWVv_blpb_21ZWv9zYWH_b11d_25cXP9wXV__dWNj_25cXP9mVFT_alZX_0g2Nv8_LS3_WkhI_2xYV_9zZGH_cWNg_3RpY_94Z1__dGNc_3RnX_99cGj_gHZt_31vbP9_cW7_e21q_312bv91cGr_c2to_25taP9aUk__Fg8J_0Z4f_9CdXn_RnV__16Ejf9ghJD_WHqE_1h6g_9ScHj_RmZl_zpYWv9BX2H_OFVR_zZMSf8uQkD_JjIw_x4sLP8iJyr_FBoa_xgeHv8VHBT_FBQU_xAQEP8XGBP_EhIS_w8LDP8ODQv_ExIQ_xUUEv8WFRP_FRQS_xEQDv8PDgz_ERAO_wsKCP8PDgz_DwsK_w4KB_8QCwj_Ew4L_yoiIP9LQ0D_W1FP_2FaUv9mXVj_dWxl_3hvaP9zZVz_c2Ja_3NiWv9gUkf_Wkk__1E8N_9CKir_LxYZ_zQbHv9MMzb_YlBQ_2BMTf9gTkz_ZUpP_19GSv9kS0__Y0ZL_2xSVf9pT1L_aFBQ_2dUVv9pVlj_b11d_2hYWf9wYmL_dGxp_3Nraf92bGr_fXVz_390cv9sXl3_cl9h_2VPUf9JNDP_ZVNR_3ZiY_92ZGL_fW9u_3ZoZf94bGD_eGxg_3JkWf93amL_d21k_31waP-EdXL_eGpn_3xxbf95cmj_dGxp_3JtZ_9vbGf_QDY0_xQLBv80b3P_OnN6_0Bzdv9Ug4n_V3uJ_1-Bi_9XfIX_UW95_0hmbv8-W1__MlJR_zJQUv8wS0b_KEE7_yU4Nv8pOzv_Ljo6_x0pKf8bISH_GB4c_xsgGv8WFhb_ERER_xAQEP8REhT_FREQ_xASDf8aGRX_FxYU_xEQDv8QDw3_ExIQ_xgXFf8PDgz_EA8N_wwNCP8SDgv_EAsI_xINCv8dFRP_QTk3_1VMR_9XUEj_XFNO_2phWv91bmb_cWdd_29hWP9xY1r_ZVdK_2RVTv9iUUr_XUVD_0cuMf8-JSj_SzE0_2FPT_9lVlP_Z11b_2ZYWP9wYmL_c2Vl_29jY_90ZGX_b19g_3BmZP94b3L_hHt8_4KBff9ycW3_ent2_3x6ff9_fnr_endy_4N-ev-BeXf_blxc_19MTv9sWFn_c1Zb_3plZP96Zmf_f21t_3xubf95a2j_dWth_3hvYP91bWL_eG5k_3praP95b2b_fW5r_3xua_94b2r_cm5j_3NwZ_90cGf_bGRh_ygeHP8ZEgr_QH2A_zt2ev87cnX_UH2D_2GFkf9fhI3_VnaB_09xev9HaHH_PV5l_zBOTv8rSkz_LExL_yVCQP8cNjf_LEZD_yhBPv8oODf_GScn_yAmJP8dIhz_FhYW_xISEv8PDw__Dw0O_xMSEP8XFhL_FBMR_xEQDv8VFBL_FBMR_x0cGv8dHBr_FxYU_xAPDf8ODQv_DwsK_xENCv8SDQr_GRQR_yQcGv9UTEn_WU9N_1pRTP9nXlf_cGlh_3RrYv9wYln_bmBX_21hU_9gVk3_ZFhM_2VSTP9cREL_VDs-_1g-Qf9gRkn_WktI_3FjY_9yZGT_eG5t_3lvcP94cG7_fXR1_3JqaP92cnH_enp6_4ODgf-Gh4H_e3l8_3l3ev97eXr_gXl3_3Joaf98cHL_f21t_25VWP9uVVn_dlle_3thZP97Y2H_fmps_4BwcP9_cXD_g3V0_31wZ_9_cmr_eG5k_3dpZv9_cG3_fnNt_35wbf97bWr_dm1o_3ZvZ_9wbGP_cWxo_2FZVv8eFhP_FhIJ_z14fP82b3b_P3Z9_0l8gP9ego7_X4SN_1Z4gv9PcXv_P2Fq_zNVXv8rTU__KUtM_ylISv8iQEL_FzA0_yE-Ov8oRUH_KkM__yMxMf8oMS7_GyAa_xcXF_8RERH_ERER_xYWFv8WFhT_GRoV_xgXFf8ODg7_DQ0L_xMSEP8SEhL_FhUT_xMSEP8QDw3_CwoI_w0MCv8NDAr_FhIP_xMQC_8ZFRL_SUE__1lRTv9bVEz_YFdQ_2NaU_9tZFv_bV9W_2heVP9mXU7_Z15V_2RaUf9eUEf_Y0tJ_1lBQf9dQ0L_YURI_2JFSf9jTkv_cFdb_3BdX_9-bXP_dmpq_3twdP9yaGf_dGlt_3pwcf-Ad3j_e3Jz_3BmZf92bG3_fWxy_3FhYv9vWGD_d1pf_3tcYf94WV7_eVpf_3thYv97Z2j_fWtr_3psbP-DdXL_e3Bu_3lvbf9_cW7_e21q_35wbf98bmv_e3Bs_35wbf99b2z_eGpn_3lraP92bGr_cGxj_21jYf9RR0X_HxUT_xcPDP9ZhI3_W4ON_1mGjP9dipD_YISQ_1x-h_9XfIX_S213_0hoc_8-Xmn_MVNc_yVLTv8fREr_HUBG_x88QP8dPD7_Hj47_yxGRf8xQT7_ICsl_xgdF_8XFxf_FBQU_xYWFv8bGxn_ERER_xITDf8PEQ7_Dg4O_w8PD_8LCwv_Dw8P_wwLB_8ODgz_EA8N_xAPDf8NDAr_Dw4M_xEQDv8UExH_GBQT_yEdGv9NRUL_W1ZQ_11ZTv9ZUkj_aWFW_2xeVf9sX1b_cmZa_2lfU_9hWEn_YlFK_2FOSv9eRkb_YkZF_2dJS_9wUFX_dFVa_3VWW_96W2H_eFtg_31gZP91XGD_b1hg_29ZXP90XmD_dGBh_3hdYv9zWl7_eGJk_3tiZv-AYmr_fF1l_3pbYf-BYWb_fl5j_3hZXv98YmX_gGxr_4JwcP-Cdnb_enJw_352c_9_dXP_eXJs_3l0bv96bGn_emxp_3ttav99b2z_e21q_3xua_93aWb_dGtk_3BsY_9gV1L_OzEv_x4UEv8WDAr_Z4mT_2eJk_9kiZL_ZIiU_1-Bjf9bfIv_TXJ7_0prev9Nb3v_QGRw_zRcZv8mTFf_JUxT_xlAR_8ePkn_H0BH_yZERv8sRkf_MUZJ_yczMf8ZHRz_FxkW_xQUFP8VFRX_FxcX_xISEv8TExP_EhIS_xERD_8MDAz_EBAO_w8PDf8ODhD_Dw4T_xcZGP8SFBP_Dw8P_xQVF_8XFxn_Ghoa_xcWEv8XGBP_Pzw3_09LSP9bVlL_W1dM_2BXTv9pXFP_ZFpQ_2piV_9mYFT_ZlxS_1tRSP9hUkv_XUpG_19KSf9pTUn_bExR_3JPVf94VVv_f1xi_35eY_-AYWf_f2Jm_3xfY_98X2P_eV5j_4Nma_-GZnH_hmhw_4Fkaf-CZWr_f2Bm_3xbYv99XWL_eFde_3pbYP97XmL_hGtu_31tbf99b2z_gHZ1_4N4dP9_dXP_fHJw_3xzbv91cGr_fW9s_31vbP98b2n_fG5r_3lxbv91bmj_cGlh_3RrZP9pYFv_SkE6_zIoJv8bExD_GhAO_2eJk_9lg47_ZIaQ_2GCkf9RcYb_NVhs_ydKXv8wU2f_N11w_zZdbv8oVGH_LVdl_x9LWP8dR1P_KlBd_zBOWP8fPUX_IzxB_yg9QP8iMjH_HSYl_xsfHv8WGBf_GBgW_xMTE_8VFRX_ERER_xISEP8ODgz_ExMV_xUVF_8YGBr_ERIU_x0eIP8cHR__Fxga_xscHv8WFxn_Fxga_xYWGP8RExL_DhAP_x4eHv9GQj__WllU_19aVP9gWVH_YVlM_2FZTP9gXU7_Z2NX_2ZgVP9iVkr_Y1BJ_2FNTP9iTUr_W0FA_2lJSv9yUFH_eFVb_3pVXP96WWD_g2Jp_39cY_-JZmz_gl9m_4Viaf-EZWr_hGds_4hlbP-EZW3_fmNo_3lYX_98XWL_dldc_3VWW_98X2P_e2Zl_3psaf-EdnX_gHVx_3txb_9_dXP_fHJw_3xycP98c27_fHNu_3ttav92b2n_eGtl_3duZ_93bWv_c2xk_29oYP9qYF7_Y1lX_z0zMf8uJCL_GQ8N_xkQC_9jhY__X32H_1-Dj_9cgZP_NVlx_xs9Wf8RME3_DDBQ_xQ5Vv8oUmv_FD5W_xdHW_8QP1H_EEBO_x5IWP8eP07_EzU__xUwOf8dNDr_Hy4x_x0pKf8gJib_HCIg_xsdHP8cICH_GRsY_xISEP8SEhT_GBga_xITFf8YGRv_GBoZ_yAhJf8nLzH_KjQ1_yYuMP8lKyv_GR0c_xYaGf8UFRf_DxAS_xQVF_8TFRT_MDIx_0tORf9aWlL_X19V_2JcUP9gV07_YVhP_2ZgVP9kXFH_ZFZL_2VYT_9fUUj_X1FI_2VMSP9pTUz_Z0hG_3BQVf94VVv_gFdf_39aYf-GXmf_hmNp_4RhZ_-DYGf_g2Bn_4NgZ_-GY2r_flth_3teY_97XGL_eF5h_3hbX_94XmH_fGpq_3dnZ_9-cG__enFs_4F2dP99c3H_e3Nw_4J4dv98eG3_d3Bo_3xzbv95cGv_dWxn_3VsZ_92bWj_cWpi_2dgVv9qZ17_Z2Je_1dSTP9KQz3_My4q_xkRDv8ZEAv_aIqU_2ODkP9ggI3_XYKV_yxQcP8YOVj_ES9T_w0vUv8QNFj_GUFk_xdCYv8XR17_DT1R_xFBV_8eR1v_IEFU_xs4Rv8VLDr_DyIw_xgwMv8ZKy3_Hy0u_yYvLv8tLjD_IB8k_xQYF_8RFRb_FxkY_xAQEv8UGBv_Hh8j_xUaHf8XHyH_Ii4u_yk1Nf8sODj_ICor_yQpLP8cIST_Exgb_wsTFf8OExb_GB4e_ycwL_8_Q0L_VFdQ_1VVTf9dWVD_X1tP_1xYTP9iXFD_YF1O_2daUf9kV1H_XFBE_2FQSf9nVk7_aVBL_2pOSv9nSUv_ck9T_3JNVP94UFj_d09X_4BbYv97WF7_fFlf_3taYf95WV7_e1tg_3xcYf93WVv_fV5j_3hbYP97YWT_eWVm_3lpaf9-c3H_eHBt_3txb_-Ad3L_e3Fv_4F3df-AdnT_e3Jt_3dzaP96c2n_enFs_3pxbP93bGb_cWpi_3NqZf9tZmD_amdi_1tYU_9LTkf_R0hD_0E5Nv8XDwz_GhAO_2SCjf9kgI7_Y4CQ_1h9j_81Wnf_EzRT_xEvUf8SNFf_DDdX_xZDYv8VRF7_FUhd_xhIXv8PP1X_GENW_xQ6Tf8WOUz_FC9A_xYwPf8dNDr_GDAy_yAyNv8nNDr_Ljg6_yEpK_8cHSH_FhcZ_xMXGP8QFRn_Fhse_xslJ_8ZIyT_IS8y_yAyMv8eLi7_GCgl_wwbGP8MGxj_ER0d_xAcHP8XIyH_FiUi_yMvL_8bJyf_JS4r_0VHRP9LTkf_W1tT_1paUP9dW0__YF5S_19YTv9lW1L_aFpR_2JUS_9mWVH_aFpN_2RTS_9uVlL_a1JO_3BUU_9vSlH_b0xS_3FOVP90UVf_dFFX_25OU_9xUlf_c1RZ_29SVv95Wl__eVxg_39laP9-ZWj_e2lp_31vbv99b27_em9t_3t0bv98dHH_fHRx_3lybP97cm3_fndx_3lwa_93c2j_fXNx_3pwbv90bGn_cmtj_21pYP9qY1v_YFxT_1pXUv9QUFD_PEJA_zw-Of86NzL_GxEP_xgPCv9hf4r_aIiT_15_jv9VfI3_LVJt_x49Wf8UN1P_EzdR_xI8VP8fTWT_GUlf_xpNYP8SQlb_EENU_yBPYf8cR1j_FzxM_xI0QP8YNUP_HjVD_yA3Pf8bLjT_JDY6_zNBQv8nMjT_GiMi_xcfIf8TGBz_Dxoc_xUhIf8XKS3_Jjs-_yVDRf8nSUr_LEpM_y9JSv8fOzz_Fzcy_yFAO_8YNTH_Iz0-_xgsLf8QJCX_ESUm_y9CQP8-S0T_REtD_01PSv9PT0f_XVpV_1lVSv9kW1T_YVdN_2ZeU_9gV07_Y1lN_2VXTv9mWk7_a1pT_21VU_9sVFD_aU9O_3JVWv9zVlr_b1BV_3BTV_9sTlD_d1pc_3ddYP9wV1r_d2Nk_3lnZ_99a2v_eGlm_3hta_91a2n_eHBt_3hubP-Bd3X_fnZz_3t2cv9-enH_fXZu_3dzav90cWj_eXdq_3lwa_95cW7_dHJm_21pXv9raF__Y19W_2FeV_9aWlj_Q0xL_zZFQv8zQj__Nz07_xUMB_8YDgz_Z4WQ_2OBjP9igIv_WXqD_1h6hv9BZnj_THCA_0FmeP9Ea3r_RWx9_y9gbv8fWGP_G1Fb_xxSXv8sXWv_JVFe_x9EVP8WN0j_FjZB_xc5Qv8lQEf_HDQ2_yU6P_8tPkX_ND9D_yMqMP8VJCn_FSAk_xQjJv8YKy__KUNE_yhKS_8oTEz_JU1M_yRNSf8tUU__I0pJ_xxAQP8TNzX_Gjw9_xU0Nv8TMjT_FTM1_x07Pf8nPkT_NUJI_zVBQf9ARkb_Sk9I_1VVTf9ZV0r_XVtP_2ZdVP9oYVn_ZVtS_2RaUf9hVEz_aFdN_2taU_9mVU7_aldR_29WUv9sV1T_b1pX_2tVV_9tWFP_bltX_21aVv9zYWH_cWFh_2tcVf92a2n_d2lm_3psaf98bm3_enBu_3tzcP96cWz_fHRx_4F5dv98dW3_fndv_394cP95dWz_d25p_3Zyaf96bGv_cW1h_2xpYP9raF__Yl9a_2NgWf9cWVD_VVpW_ztJSv8xQUD_Mj4-_z5ERP8TCgX_GhAO_2OBjP9gfon_YH6J_1t5hP9Tc37_WniC_1Vzff9QdID_TXOA_zdlcv8rWWb_G1JZ_xtRW_8fWF__JFhj_ytdZP8yXmf_KE5X_ylOV_8pTlT_L01V_yhBSP8jNT__HzI4_yQ3O_8dKy7_FCMm_xMiJf8PJCn_ESss_ytKTf8oSU7_J01O_yZOTv8tVVX_KVFQ_yNLS_8aQkH_DjY1_xQ9P_8UPj3_Fj4-_xQ-Pf8XOzv_Hz5B_xsyOP8fKi7_Oz9C_0RJRf9JSkL_VVZO_1RSRv9iWVL_Y11R_2heVf9lWFD_ZVtS_2hXUP9qWVL_a1pT_21aVP9sWVP_cV5Y_29cVv9pV1X_b11Z_25cWP9uX1j_dmRi_3hpZP93aWb_dGln_3Vraf90bGn_d21r_3pwbv97c3D_gHh1_3p1cf92bmv_fXZw_3x1bf98dW3_dm1m_3ZsY_95cGv_dG1l_2pmW_9taWD_ZWJb_11aU_9lYln_Xl1Y_1RaWP84Rkb_Kjo5_zFBPv88S0j_FQwH_xcNC_9igIv_XXuG_2KAi_9de4b_WniD_1p4g_9XdYD_UW96_09xe_87ZXH_KFlg_xlTV_8YU1f_F1FV_xZQUv8tYGP_Ml9k_zlhaf85W2X_NVxh_zRVXP8xUlf_KURL_yM6QP8hNjn_Fywx_xMrK_8ULC7_DzEw_ydJSP8wU1n_MVRY_y1SWP8qT1X_LFRU_y5WVf8aQkT_GEJB_xE6PP8VQUT_GUdH_xlFRP8YREX_GEFD_x1AQv8bMDX_FyEq_yYvNv88RUL_REdA_05LRv9QUEj_W1dM_2BaTv9mX1n_bWBY_2xiWf9rYln_a1tO_2lYUf9vXlf_cl1a_25dVv9zYV3_b2BZ_25hWf9sYln_c2Ze_3pqa_95a2r_eXJs_3RtZ_96cG7_d21r_3pwbv97cW__fHJw_3x0cf96cm__fXh0_353cf-BenD_dG1l_3lxZv9zamX_c2pl_25qX_9qZl3_YWFZ_19cVf9iX1j_ZWJb_1xdV_9QWFr_PUlH_zRGSP80SUr_OklM_xoPDf8ZDw3_Y4GM_2OBjP9kgo3_W3mE_117hv9YdoH_V3WA_1R0f_9PcXv_MF9l_yNWWv8ZU1T_HFNW_xRQUf8SSkv_L2Bl_zhjav8zV2P_MVNd_zdcZP8zVFv_NlVa_zRVXP83WF3_ME9S_yZDR_8oR0r_JElP_yROTP8rVFb_NV5k_y9aYP8uVVz_KVJW_ytSV_8qUlT_I0xO_xpGRf8WQ0j_GUZL_xpHSv8VRUX_HUlK_xhBQ_8kQ0b_Fy8z_xYgKf8ZJiz_Nj8-_0dJRv9KRkP_S0xG_1xXU_9eXlL_ZVxV_2ZdVP9qYlf_amNZ_3FgWP9zZVz_eGdf_3BjXf9nX1T_cWZk_3VnZP9zZWL_dWpm_31ybP92a2n_eXFu_31zcf-DeXf_fnRy_350cv-Bd3X_gnh2_31zcf-De3j_fnRy_3t4c_9-dHL_e3Ru_3pzbf95cmr_dGtk_25lYP9oYVn_aGZZ_2BdVP9iX1b_a2hf_19iW_9ZWVf_TFZY_ys-RP8gMzn_JTo__zZJTf8bEg3_FgwK_2CBiv9gfoj_X3uJ_2B8iP9ceoX_WHaB_1NxfP9ceoX_UXN9_zxpb_8lWFz_Gk9T_xtQVP8STE7_IFda_ypbYP8yX2X_Mlhh_zJYYf8yV1__L1JY_zRXW_8sUVf_Mk9X_y5UV_8mSU3_H0JG_xE3Ov8XPkP_IEpJ_ydSWP8pVlz_LFle_ylSVP8tWVr_J1NS_yhUVf8lUFb_JFFX_yVSWP8vXGH_JVNT_x5HSf8jTUv_K0xR_yZCRf8gMTj_FyQq_zY8PP8_Q0L_OT43_05LRv9ST0r_X1tS_2FaUP9uZV7_bmRb_25oXP90Z17_dmxi_3NqYf91bGP_dmxi_3ttav95bmj_e3Jt_3lwa_9_dXP_f3Vz_4B2dP99c3H_hXt5_4J6d_9-eXP_fHJw_4R6eP-Bd3X_fnZz_4F5dv97c3D_eXRu_31zcv9waWH_aGRb_2lhVv9qZlv_ZGBV_2VfU_9iYlj_Z2VZ_2lmXf9kZV__VlhX_z5IUf8gND3_ITQ7_yQ3Pf8rOD7_FQwH_xkPDf9RdYX_VneK_1N2if9XdIb_V3eC_1l2hP9XdYD_U3F8_0xxev8-Zm7_KFtf_x9SVv8aT1P_Fk1Q_x9VV_8sX2P_LFth_zBYYP80WmP_NVhe_zNYXv8uUVf_MFNZ_y9SVv8rTlL_JEdL_xlARf8ZQkb_Ej49_xlJSf8gTVL_I1BT_yFOVP8dTkv_JU5Q_yxTWP8eSU__DzU-_w86Qf8UP0b_JExU_zJbX_83XWD_NFVa_zVUV_81TlL_JTo__x8sMv84PUD_QkZF_0RHQP9GQz7_SUhD_1dUS_9eWlH_Z2BY_2xlXf9vZGL_dWtf_3RrZv91bGX_d21k_3RqYf90a2b_eG9q_3duaf9_dXP_hHp4_350cv-CeHb_f3p2_4N7eP-De3j_gHlz_4R8ef9_d3T_enJv_3pyb_97dnD_cGxj_3RwZf9zbGT_cWpi_2tnXv9jWlP_aGJW_2BhU_9fXVD_Y2BZ_2BdWP9nZFv_ZGVf_15jZ_8zQUz_GS04_xstOf8pO0f_Mz1G_xIJBP8WDAr_FTpV_xo9W_9JaIT_VXSI_117hv9Yc4T_VXN-_1Ryff9PdH3_QWdw_zhnbf8uY2f_Kl1h_yhfYv8wZWn_LmFl_y9eZP8pVFv_KlBZ_y1VXf81WmD_MVNc_y9SWP8wVV3_KlFY_yFKUP8XQUD_FkA__xVGQ_8SP0L_GkdK_x1LS_8hT0__Jk9R_ypTVf8pTlb_IUNM_xEzPf8OMj7_EztF_yRPWP8xWWH_NVpi_ztZW_80UFH_N0pQ_xMhJP8WHSP_KzAz_zs9Ov8_Qjv_R0Q__0tLQ_9PS0L_WFRL_2NcVP9oX1r_a2Re_3ZsYP92bWb_enFq_3VrYv91a2L_em9p_3pxbP96cG7_d21r_3x0cf96b23_fXNx_355df9-eXX_fnVw_350cv9_d3T_fHRx_3p1cf93cGr_dnFr_3VuZP9vaGD_bmVc_21kW_9iWVD_Y1pR_2VhVv9kYlb_YF5S_2RhWv9nZ1v_Y2Nb_1pdVv9XXF__MDpD_yAzOf8jNUP_IzU__y1ARv8VDgj_GQ8N_xY6Xv8aPGH_IUZh_09ug_9ad4f_WXSF_196i_9YdoH_TnB6_0Zvdf87aG7_Nmlt_yxfY_8vYmb_LmFl_zJfZf8rWmD_L1df_yxUXP8xV2D_MVdg_zFWXv8uVVz_NFti_y5UXf8oUVX_GENK_xhERf8SQED_FUND_x9MT_8dS0v_IExN_yNNTP8eSk3_LFNY_x5DTP8RMz3_DTNA_w83Qf8iSlL_L1Rd_y5PVP82VVr_NlBR_y49Qv8bIij_IS0t_zc8P_9CRD__REQ8_0lJQf9UUEX_U0xE_1ZTSv9eWk__Zl1U_2dfUv9wZ17_b2Zd_3RrZP90amH_d29k_3tuaP95b23_eW9t_3dta_9-dHL_enBu_3xycP9-dHL_e3Fv_3lvbf9-dHL_eG5s_3xzbv94bmz_eXBr_3FqYP9taWD_bGNc_2hfVv9mXVT_YVhP_2RbUv9kXVP_YF5R_2toX_9nZFv_ampi_2JjXf9dXFr_TFFU_zVCSP8nP0H_JTo__ylBRf8rP0b_FQwH_xYMCv8ZPWH_Fztf_xxBXP9IaH3_UnGD_1x3iP9WcYT_UG54_0xxev8-Zm7_PGlv_y5hZf8jVlr_LmFl_y5hZf8iUVf_IFFW_yNOVf8hTFL_LFJb_ylQX_8cPUz_GUFN_x1IUf8lTVf_LFxg_ydUWf8pV1f_IE1Q_yFPTf8hT0__JFVS_yBNSv8tVlj_KVBX_yxTWP8lR1H_FTdB_xg5SP8WPEn_JUdR_yhJTv8wTk7_MkpM_y5HRP8xQT7_LDg2_zdAPf88Pjv_QD86_0hFQP9LS0H_T0g-_1RMQf9VUUX_V1NK_2pdVf9kV0__bF9X_3JlXf91a2L_dm5j_3dqYv95cGv_dm1o_29lY_9yaGb_enBu_3xxb_96cG7_eHBt_3txb_92bmv_cWlm_3hxa_9tZmD_dG9p_3VuaP9rYl3_bmVg_2NaUf9kW1T_ZFtU_2NcUv9lYVX_ZWVZ_2hmWf9raVz_bGpe_2trX_9lZl7_X2Fc_1FaWf85S0v_JzxB_yY_Q_8rR0r_Hjo7_xIJBP8eFBL_Fztb_xs9YP8cQVv_SGh9_157jf9eeoj_WHOE_1Fxfv9MbHf_Qmhx_zhhZ_85Zmz_LVxi_y9cYv81Ymj_LFlf_ydPV_8jSVL_JEpT_yRMVv8fRVL_EjdJ_w80Rv8NMkT_ETtJ_x9JV_8RPkT_GEhK_xxKSv8lUlX_J1VV_yVTUf8tVVf_L1lY_z5kZ_85X2j_OF1l_y1SW_8pSlP_JEJM_yRFSv8mQkP_MEhK_zFAQ_80QED_OkBA_zxCPv9BQz7_REc-_0xNRf9HSTz_Uk5D_1ZNRv9XTkf_W1JJ_1ZMQ_9cU0r_ZVhQ_2tiWf9qYFf_c2JY_3NmXf9zaWD_cWZi_3Zsav90a2b_cGZk_3hubP93b2z_dm5r_3NpZ_95a2j_fW9u_3JpYv91bGX_cGJf_21gWv9vYV7_Y1xU_2ZdVP9iWVD_ZVxT_2FYT_9nXVT_bWZc_2pnYP9saWL_bmtk_3NxYv9oaF7_YWJc_1tbWf9MVFb_MkdI_ydBQP8hOzj_Ijw7_xktLv8TCQf_HhQS_yNFaP8UO1j_O112_1V3kP9efZH_Y4CO_1t6jP9QbXv_UnR9_0ZodP8-ZG3_O2Fq_zlhaf84Xmf_Nl5m_y5WXv8nTVb_IEhQ_yRIVP8kTFb_GzxN_xAxRP8TNEf_Ci9B_xQ-TP8WOkj_EjpC_w86QP8INTj_F0VF_yZWWP8rWFX_LFJT_zZXXP80Wl3_MVJb_x89SP8fOkX_GTE9_x01P_8kOT7_LkNG_zhGR_86REX_OT8__z9BPP9AQD7_QkM9_0lMQf9IRTz_S0tB_05MP_9VTEX_XFFL_15US_9dU0r_XVNJ_2RaUf9cUkj_Y1ZN_2tcVf9rXlX_bWNa_3JoXv9xaGP_a2Re_3RrZP9xaGP_dWdm_3ttbP90aWP_cGVh_3FjYv9tX1z_dmhl_25gXf9rYVj_aV9W_2VfU_9gWE3_YlpP_2xjWv9pYlj_bWZc_3BuYv9rbWD_a2tf_2xpYP9qamD_aGdi_2ZmXv9ZWVf_RlBP_yg8Ov8hOjf_GjMw_yY-Pv8gMC3_Fg4L_x4UEv8bP2H_J0lu_zteev9EaoH_RWiE_0Zrfv89YnX_Q2p5_0xwgP9Nc4D_SG53_0dpdf8-Y2z_PGFq_zpgaf8xWF__K1BZ_ytQWP8nTFT_LU9b_yFAUv8WN0r_FzhL_w0wQ_8aP1H_GUFL_w40Pf8POD7_ET5B_x1NTf8pU1L_LVVV_yxQUP8yUlH_N1Ra_yZDSf8kOD__JDxA_yk8Qv81R0n_O0pH_0RNTP9FS0n_S0tL_0NFQP9IS0T_QUE5_0hIQP9DQDv_SEU-_01KQ_9ISED_Uk5D_1xUR_9YUEX_WVBH_11STP9YUUv_VFFK_2NaUf9jVk7_ZllR_2BXTv9lXFX_al9Z_2tgXP9nXln_aWBb_3BiX_9sXlv_bWBa_2haV_9qX1v_a11c_2VaVv9oXVf_XlZL_19WTf9iWVD_Zl1U_2RgVP9iYFT_a2de_2xsYP9xbmX_aWlf_21sZ_9ubWj_a2hj_2trY_9lZV3_W15X_0tVVP84S0n_Kj48_yxDPf8rQT7_GCYn_xcNC_8bEg3_GT1h_xo-Yv8jR2n_KlJ1_zFee_8pV3H_Jlhv_ytVbf8-ZXT_R2x8_0psdv9EaXL_Smp1_0Zmcf9BX2n_OFZh_zJQW_8vTVj_NFJd_zNUXf8qSlX_Hj9S_xs8T_8dQFP_IkNU_xo7Sv8UOUL_FT5C_xM_Qv8gTE3_M1Za_zRSVP81VFb_QFVY_z9RU_86Tk__QE9M_0RQUP9HTUv_TlBL_0tMR_9VVlH_Tk9K_09MR_9QTUb_T0xH_0lGQf9MSUT_TUpF_0xJQv9NSkX_TU1F_1lVSv9eVEv_X1VM_1ZNSP9bVEz_W1dM_2BXUv9cUkn_X1JM_2FWUv9gU03_ZVxX_2FWUv9oWlf_Y1pT_2NaVf9kW1T_ZllT_2haV_9jVVT_ZlhV_2JYVv9iWVT_YFdS_15VTv9hWFH_Y19U_2ZfVf9raVz_bmtm_3JvaP9yb2j_cG1m_29qZP9vbGf_aGlj_2ppZP9vbGf_YGBY_11eWP9WX1r_Q0xJ_zRERP8vQ0H_JjY2_x4aEf8VDgj_GxIL_xM1Wv8bP2P_Ikpt_zRfgv8rWnj_KFhv_yhXcf8oWG7_QWt5_0hvfv9OcHn_S2l0_0Jga_9GZG__RGJt_zlXYv83VWD_OFZh_zZUX_8rSVP_J0RS_xw4Tf8dPFD_HTxQ_ylKWf8nQ1H_JERP_yhJUv8rSk__ME9R_zFPUf8_VFf_PlFV_0dVVf9JU1L_TVZT_1NYUv9TU1H_WFlT_1ZTTP9XVE3_VlZO_1NTS_9TUEn_U1BL_1FOSf9QTUj_TktG_09KRv9OS0b_UE9K_1FNRP9XTkf_VEtE_1dOSf9cWE3_W1RM_1ZSSf9dVVL_ZFpY_15VUP9pW1r_YFdS_1tRT_9iW1X_YVNQ_2FWUv9gVlT_Zlxa_2FYUf9fVVP_XlNP_2NcVv9hV1X_X1VT_15TT_9hWE__aF9W_2VhVf9va1__amde_21sZ_9xbmn_cG1o_3Fuaf9ybWn_b2pm_3FpZv9raGP_ZGRc_2VlW_9dXlj_X2Jb_1ZeU_9IUU7_RFBM_0RTUP8iGhj_FQsJ_yAXEv8bO2H_EjZa_yhOcv8wXXz_KVh0_yhacf8gUGf_K1Vt_0Zsf_9PcH__S2l0_0poc_9GZnH_RmRv_0Jibf9AXmn_PVtm_z5cZ_83U1__NVFf_yNAUP8ZNEf_FjJH_xMyRP8lP1D_LEJQ_yY-Qv8cMDf_Gi8y_xstMf8zQUH_TlhZ_1JXWv9PVVP_U1hR_1VYUf9XWFL_W1tR_15bVv9eXVj_W1hT_1hVTv9ZVUr_WlZL_1pWTf9YVEn_WlJP_1pST_9ZUU7_WFBN_1NOSv9WTkv_Vk5M_1pRTP9bVEz_V1BI_1tUTP9dWU7_XVNR_1dNS_9cUlD_YFhV_2RaWP9dU1H_XlRS_19WUf9fVlH_X1VT_2JYVv9fVlH_YFdS_2JYVv9mXlv_aF5c_2ZcWv9kXVP_ZGBX_2dkW_9paWH_bGxk_2xpYP91cm3_dnNu_3Jvav9zcGv_cG9q_3FsaP9sbGT_a2pl_2VkX_9fYlv_YGFZ_19gWv9dYFn_W15V_1lcU_9UVVD_HBQR_xcPDP8eFBL_JUVe_yREXf8qTGf_PmN9_zlmff8tXXP_JVVr_y5Zaf9Oc4P_UHSA_1Jwe_9PbXj_TmVz_0llcf9KaHP_TmZw_0debP9AXGj_PFZj_zNQWP8nQVL_IDZL_x0zSP8eNUf_IjRC_xwwO_8dLzP_MT9A_0ZPTP9SWFj_VFpY_19gYv9dXV__XF1Y_1tcVv9gYFj_VldP_11dVf9mXlv_YVlW_2NeWv9eVlP_X1tS_1dUS_9hXVT_XFhP_11VUv9hWVb_XFRR_1xUUf9XT0z_WlJP_1tSTf9gWVH_WVVK_2BZUf9bWE__YFlR_15WU_9iXVn_YFlT_11TUf9hV1X_ZFZV_2NYVv9kWlj_Y1lX_19XVP9iWlf_YFZU_2RcWf9nXVv_Z1xa_2NaVf9qYl__bmZj_2xrZv9wcGj_cHBo_2hrYP9ubmb_eHVw_3Jyav9ycmr_cW5p_3Nwa_9rbGT_aGVg_2lmX_9rbGb_ZGVf_2ZnYf9iY1v_ZGdg_19iW_9hXln_X1xX_xwVD_8aEA7_IhgW_w==', 20.645999908447266, 54.9, -22.978, -43.19);
INSERT INTO `usuario` (`id`, `nome`, `senha`, `tipo`, `foto_base64`, `loc_accuracy`, `loc_altitude`, `loc_latitude`, `loc_longitude`) VALUES
(18, 'josue@uerj.br', '123456', 'VOLUNTARIO', 'cnuC_3uFh_97iI7_hY6V_4aPmP-CjZH_g42W_4GPkv-LlZ7_hJOa_3-Slv-JmqH_gJGY_3uOkv9_lJn_gI-S_3-Vk_-Kk5z_h5md_4maof-Il5z_h5ad_4aZnf-Gl57_i5qh_4iZoP-BlJj_ipym_4aZn_-FmJ7_iJmg_5Cfpv-LnKP_i6Cl_4qdo_-PoKf_iZ6j_4meo_-KnaP_i56k_4Wanf-PnKT_jZ6m_4-eo_-Qn6T_iZ6j_46dpP-Gm6D_jaCm_5Ggp_-Nn6n_jJ-m_4maof-KmaD_j56l_4ybov-PnqX_hp6g_4aao_-Em6H_ipym_46hqP-Imqb_gZmd_4KUnv-KnaT_gpSe_4aao_-GmqP_hZmi_4WcpP-GmKL_gZWe_4OXoP-BlZz_hpim_4OaoP9_laD_hpmn_3-Vov-Al5__hZeh_32RmP-Gk5n_fIuQ_4WSmP98j5P_hJOY_4eXlv-ElJP_hpaV_4eXl_-Hmpj_jJue_4ycnP-Dk5P_go6O_4iTlf-FkY3_f4uL_3B8fP-Bio__gImQ_4WQlv-MlZ7_hJKV_4OQmP-FkJb_h4-a_4qUnf-KlJ3_jJaf_4iSm_-HlZj_hI-T_5GcoP-Mmpv_gpGY_4qZoP-JmqH_gpWb_4SXnf-JnKL_g5ac_46hp_-ImaD_hJed_4mYn_-CkZj_jp2k_5Cjqf-Soaj_hpmf_4-dpv-NoKb_jp-m_4mcov-LnqT_h5if_4mYn_-Hmp7_j5yk_4yeov-QmqP_jZyj_42co_-JmJ__hZ2h_4WYnv-Il5z_iJui_4eZnf-Km6L_ipmg_4-dpv-KmaD_kJ-m_4Wan_-FnaH_gpqe_4mcoP-Dlp3_h5mj_4aaof-FmaD_iJui_36Vnf-HmqH_gJSb_4SYn_-Hm6L_g5ud_4CYnP9_l5v_gpWb_4SWoP-FmaD_f5Gd_4GVnP-Dl6L_hJWc_4aUnf-Blpn_f4yS_36Ji_-Jlpz_iJuh_4OSl_-GlZj_gpGU_4KSkv-KmaD_h5ab_4WUl_-Glpb_jJmf_4eTk_-Hk5P_gpKR_4iSk_90goP_cX-A_3-KjP9_iI__go2R_4iTmf-Gk5n_hpCZ_4eRmv-KlJ3_iJKb_42XoP-HkJn_fYaL_4SNlP-Fj5H_ipmW_4aTm_-ElZz_i5qh_4aVnP-Im6H_g5WZ_4mbn_-Hlpn_h5ab_4eWm_-KnaP_i5ie_4uco_-LmqH_ipui_4qZoP-HmJ__i5ie_4uco_-Im6H_gZmd_4aZn_-Km6L_jZqi_5CZov-ToKj_kZ6m_42aov-Km6L_j5yi_4qZoP-Mn6X_jZ6l_4aVnP-Qn6b_jJ2k_42co_-ImaD_h5ad_4qdo_-El53_iZyi_4ugpf-Lo6f_h5yh_4Wan_-InaD_gZmd_4Wan_-FnaH_gpqe_4CYnP-Gm6D_hp6i_36Wmv97kJX_hZqf_4GZnf-EmZ7_gpWb_4WUm_-DlJv_gpec_4maof-Elpr_gpWb_4CNk_-DjpL_gZKZ_4qdo_-Impz_h5eW_4iXnP9_lJf_f5SV_4GOlP-Aj5L_gI-S_4CTkf-FlZX_h5OT_4KSkv-Ak5H_dX9-_3mEhv-Ai5H_hI2S_32Ijv-BjI7_hpGX_4yamv-HkZv_ipef_4mWnv-Kk5z_goyV_4OOkP-Hkpb_gI2T_4OSl_-Bkpn_iJee_4WWnf-Flp3_h5ad_4iXnP-DlZn_g5CW_4qVmf-Om6H_jJeb_4yam_-Nn6P_iJmg_46env-KnKD_i5ig_4iSm_-HmJ__i5qf_4eZm_-Mm6L_jZqg_4qYm_-PmqD_j5ih_4qXn_-Ol6D_j5ih_4yZof-IlZ3_kJ2l_4SXnf-JmJ__h5ad_4maof-Km6L_i5qh_4qbov-InaL_iZyi_4eaoP-HnKH_jaGi_4OYnf-GmZ__h5yh_4mhpf-FmJ7_iJ2i_4OWnP-Blpv_f5KY_4ecof-Dlpz_gpec_4aZn_-EmZ7_iJuh_4WWnf-ImaD_hpWc_4CRmP-KlZv_hpGT_4eWnf-Ek5r_go-V_4WUmf-JlJb_hZOU_4aTmf-JmJ3_gpWZ_4qZnv98j5X_fo2Q_4aYnP9_j4__fo2S_4STmP-Bk5P_fI6S_3d8f_9-iIn_eYOF_3-Ji_-CjZH_gpGU_4SPlf-HlZj_jJmh_4aPlP-Nl6H_hpee_32Olf9_kJf_gZSa_4aXnv-BlJr_hZSb_4iXnv-IlZ3_hZeb_4maof-HmJ__jJug_4eZm_-Fkpv_hJOa_4qZnv-MmZ__laOm_4eZm_-NmqD_iJea_4mYn_-Jlpz_iZSY_5Cbof-Ol6D_kJuf_5Gaof-PnaD_kJmg_5Gaof-OmKH_kpyl_5KbpP-Nl6D_ipef_5Odpv-JmqH_ipSd_4aXnv-LmqH_i5qf_46dpP-NnKP_iJuh_4GZnf-QnaX_jJ6i_42fo_-GmJz_hJme_4ecof-KnaP_gpqe_4Wan_-Gm6D_fpGV_4aZnf-LoKX_g5ac_4Ganv-Dlpz_gJWa_4SXnf-Flp3_gpGY_4WUm_-AkZj_h5aZ_4iWl_-KmZz_hpSd_4GPkv-Ej5P_iped_4uWmv-Mmpv_ipme_4aam_-HmKD_gpec_4WWnf9_kZX_i5ub_4ibn_9_jpP_gpKR_4KRlv9xdnr_eYKB_3mAhv-Ah4__fIWM_4OQlv-DjJX_h5CV_4uTnv-FjpP_jJaf_4SVnP9_jpX_hY-Y_4WPmP-Ek5r_gZKZ_4WUm_-KmaD_kZuk_4CTmf-Gl57_iZqh_4STmP-EmJn_hZSZ_4OUm_-HmZ3_jZue_4qXnf-SnKX_jp2k_4iVm_-HmJ__j5qe_4-aoP-OmZ__jZie_5ean_-Xl6H_k5ib_5OXoP-Wnaf_j5ih_5Kbov-Rm6T_j5mi_5KbpP-LlJ3_jpuj_4qRm_-Fkpr_iZqh_4qYo_-Ekp3_j56l_4ybov-JmJ3_hZif_4udof-Dlpz_hpmf_4uco_-Fmp__hZqf_4GZm_-Kn6T_hJme_4OWnP-EmZ7_gZab_4aZn_-DmJ3_hZie_4Cam_-ClZv_gpOa_42XoP-JlJr_iJKb_4mWnv-IkZr_kJuf_4uVnv9_ipD_g46S_5Gaof-PmqD_iJaW_42Ymv-Ilpb_iZKX_4aVnP-BkJf_ipib_4aWlv-Hlpv_h5Sa_4GWkf-Ejpf_cnN3_3Z5fv9_gon_fH-I_3-Eiv-Ci5D_f4qQ_4SNlP-FkJT_hI-V_5Cao_-Fj5j_e4yT_4WPmP-AjZX_gYuU_4COkf-Ek5j_gpOa_4WWnf-CkZj_iZqh_4CTmv-AkpT_gZCT_4mTnf-Mlp__j56l_4qZoP-Gl57_i5ig_4qen_-On6b_hpee_4iVnf-GkZf_iZKZ_4eOlP-KipL_jI-U_4uQk_-HjpT_h4uU_4SNlP-FjpP_hZCU_4KJj_91e3n_dn9-_4iTlf-FkJb_jZie_46XoP-EkZn_j5yk_5Odpv-Lmp__ipui_4eWnf-ImaD_g5ee_4qdo_-Ilp__hZSZ_4Wan_-AlZr_g5ac_4mhpf-Fmp__gpad_3-Xm_-ImaD_hZSb_4aXnv-AmJz_hJWc_4iXnv-PmaL_kJqj_5Cbn_-KkJz_iZSa_4mUmP-AjpH_fomN_4mUmv-SnaP_kJud_4qWlv-KlZf_j5id_4mUmP-Fk5b_i5ac_4COkf-DkpX_i5aY_4WXm_-ElJT_go-X_3d3ef97en__fn-D_4SFif-Ag4j_houP_4eMkv-GjZX_gI2T_4iRmP-Jk5z_gY6W_4SRl_-Bi5X_go-X_4WSmv99kJb_g5Sb_4OUm_99kJb_hZSb_4yZof-NmJz_jJqd_4iWl_-OmZ3_kpyl_4SVnP-Il57_kp-o_4uVnv-Jlpz_i5mk_4uVnv-EjZT_eX2G_2dqcf9kZWr_YF9l_1RTWf9UVVf_SUpO_0dITP9ISU3_REVJ_0JCRP81Njr_OTo-_0BEQ_9cYWT_dHl__36HjP-Nlp__j5qg_5Kcpf-PlaH_ipGb_4qTmv-KlZv_i5We_4COl_-Ikpv_h5KY_4yZof-NnqX_jZyj_4SVnP-FmJ7_h5if_4meo_-Gm57_g5WZ_4ianP-CkZj_hpWc_4qZoP-KlJ3_jZeg_4yXm_-NmJz_hZOW_46Zn_-FkJT_g4yR_4eMj_-MlZr_iZSa_4iWmf-Ml5n_hJKT_4SSk_-HkZP_f4qO_4aQmf-Bkpn_gJOX_36Rj_9-jZL_g5OT_36Nkv92dXr_fHuA_36Bhv-BgYP_hoeL_32CiP-BhY7_hoqT_36Hjv-Ej5X_iZKb_4eQmf-Ci5T_h5KW_4mUlv-FkJT_e5CT_4aRlf-HkpT_gpGY_4mWnv-Ej5P_h5KU_4eSlP-Bj5D_hZCU_4mUlv-KlZv_hI-V_4iRmv-HlJz_c3yF_1lmbP9UWGP_VVVf_0lIUP9DQEn_Qz1J_z47RP9AOUH_Ojk-_zY1Ov82NDn_NDM4_zY0Of8vLzH_Ly4z_zU0Of8xMDX_OT1A_0pITf9iZ2v_gYaK_4eOlv-WmqX_kJef_46Vn_-LlJv_kJOi_4qUnf-PmaL_kJmi_42Wn_-LmZz_kZqj_5GbpP-MlZ7_g5CY_4iZoP-Mm6L_gJOZ_4mbm_-Lmp3_jZyj_4eZnf-IlZv_jZad_4uWnP-KlZv_kZuk_4aRlf-Vl6P_kJed_4mNlv-Hi5T_jZGa_42Rmv-Nl5n_ipSV_4iTl_-CkZT_kpWa_4ySkP-Ok5b_lpue_5OgqP-HlpP_h46U_4OSj_99jI__c3d6_3p-gf9-f4P_foKF_4SFif-Bhoz_f4SI_4COkf98hYr_iIyV_4yRl_-Ejpf_hI-V_4SOl_-Bi5T_go2R_36NkP-Kj5X_i5CW_4eQlf-HkJX_gYyS_3F8fv91fIL_eIKB_3Z9g_95goH_am9z_2FlcP9TVWH_U1dg_0dKU_88PET_REhL_z49Qv9GRUr_Rj5J_z45QP89Nj3_PjZD_zg3PP88Oj__OzY8_zArMf8tKzD_LCct_zMxNv82Nzv_OTg9_zMyN_89PEH_SktP_1NSV_90dXn_e4CD_4aLj_-Okp3_j5ac_42Ynv-MlZ7_kpuk_4-Yof-Qm5__jJed_4yVnv-Lmp3_jpee_5Kdof-OmKH_jpuj_4uZnP-QnJz_iJeU_4uXlf-IlJL_kJme_4yXm_-TnKH_kpmh_5GYoP-YoKP_mp-l_5CVmf-Pk5z_j5SX_5aVmv-fo6b_maKh_5aam_-cnZ__oKSl_6enp_-2sKL_--3T__vs1__d1tD_pKir_5abnv-Snpz_kZua_29wdP95enz_dXp-_3h9gf96f4P_gYWO_4KHi_-FipD_g4eQ_4mNlv-FjJT_ho-W_4OOlP-Bi5T_fouT_32Ijv9-iY__i5KY_4WJkv-MkZX_f4iN_2hydP9OVlj_PkJF_0NHSv88PT__QEFF_0JGSf9ER0z_OTo__z0-Q_9AO0L_NjU7_zk6Pv89PEH_QD5D_0pFS_9JQkn_RDpC_0I4QP80LzX_NzI4_zArMf84Mzn_NzI4_zQvNf8xLzL_MjE2_zg3PP8pKC3_Ly4z_zg3PP8_PkP_RURJ_0VJTP9MTVH_aWxx_3-EiP-JjZb_kpah_4yWn_-JlJr_h5KW_5Cdpf-MlZr_kJmg_5Cbof-TmJz_kZqf_5Kfpf-NnJn_kqCg_5Gdnf-Pnpn_j5ub_4mQlv-Tlp3_kpaf_5WZov-VnKL_mp-l_5SZn_-RlJn_jJGV_4yQkf-UmJn_mJ2h_5afnv-Nlpv_k5ud_5Gamf-UmJv_kJCQ_6Cglv-ioZ__lZ6d_4qWlv-HkZD_hpSU_4aVkv9rbHD_cXZ6_3d6f_96goX_dn6B_31-g_98g4n_f4SK_3yAif-EiJH_hYmS_4WKkP-DjpT_fomP_4KLkv-BipP_g4uO_4iMlf-Hi5b_en-C_2x0d_9TWVn_QkFG_zU0Of8tLS__KCop_ykpK_8oKS3_Ly0y_zEwNf8tLDH_Lyow_zY0Of9BP0T_QD9E_z45Pf9DP0D_PDs5_zoxMv8xKy3_NjE3_zgzN_9ANzr_Ojk3_z86QP8_Oj7_ODY3_y4uMP8wLzT_LCsw_zU2Ov8yMTb_MjE2_zg3PP81NDn_NzY7_zM0OP9ITEv_a3J6_36Fjf-JlJr_jZqi_4aVmP-Gl57_jZqg_42Ynv-NlJz_j5ea_5GcoP-NmJr_iJuZ_4ianP-FlJf_ipmc_4aVmP-KlZv_ipSd_4-Yof-Llpz_jJed_42Ynv-PmKH_iZKZ_4uOlf-Gi5H_iZSY_5Gcov-Ik5n_kZyg_4yXnf-LlZ7_g42W_4aRl_-HlJr_hpSU_4iWmf-Dkpf_gJKW_4KQkP-Ik5f_a2xw_3d4fP98fYH_eHx__319hf9-goP_fIOJ_4KHi_-Bhor_gISN_4mOlP-FiZL_hoqT_3-DjP99goj_gYaM_4eKk_-JjZj_foCM_2xze_9WV1n_RURJ_zs6P_84Njn_Liwv_yknKv8lISL_JyMk_ygkJf8pJCr_KyYq_zMuNP83Mjj_PDc9_zItMf86NjX_Ligq_y4lKP8uJiP_LCMm_zEtLv81MTD_NSwv_y8tLv8xLzD_NzU2_zo2N_80MC3_Likt_y8rLP83Mjj_NC81_zcyOP85OD3_NzY7_y4vM_8tLDH_Kyov_zo5Pv88P0T_U1hb_3F7ff96iZD_hZie_4qUnf-NmJ7_iJaZ_4uSmP-NmJr_hZCS_4qVl_-OmZv_g5CW_4aRk_-Llpj_iZSa_42Wn_-Jkpv_jZie_4uUnf-Ikpv_iJGa_4mSm_-FjpX_gYyS_4mWnP-QmqP_kZqj_4mUlv-KlJ3_gI2V_4eQlf-FkJT_h5KY_4SPlf-CkZj_gpec_32Sl_-EkZf_fIqT_2prb_91dnr_d3d__3p6gv94eID_e3x-_36Cg_97fIH_gIOK_3-Eiv-Ch43_h4iN_4aJkP9_gYD_foWL_4WJkv-HipP_h4uW_3Z6hf9bXmf_S0xO_zU0Of8vMDL_MSww_yklJv8pJSb_KSUm_ycjIv8nIyT_KCQl_yomJ_8nIyT_Lior_ysnKP8pJyj_MSkn_yYdHv8qISL_LCEl_zswNP9ANzj_NzIv_zUvL_8rKij_LSwq_zEoKf8zKiv_Lykp_y8mKf8uLC3_NTEy_zgzN_86NTn_Pzo-_0E8Qv8-PUL_ODc8_zY1Ov81NDn_LCsw_zY3O_9MVFb_bHh4_32Mj_-DkJj_hY-Y_4iVm_-LlZf_iJGW_4uTlv-Llpr_jpmb_4eTk_-JlJb_h5WW_4iRmP-Hkpj_iJGa_4aTm_-Jk5z_jZaf_42Wn_-Kk5z_iJOZ_4aPlP-MlZ7_ipSd_4qTmv-IlZ3_h5Ga_4WQlv-KlZv_ipOY_4mNlv-GkZf_f46V_3uMk_-Ai43_f42O_4aRlf9sa3D_cXB1_3l4ff93eH3_dHV6_3h5e_98fYH_en6B_32Ah_97foP_g4SI_4WGiv-FhIn_iImN_4WGiP-Dg4v_fHyE_3R0gP9LS1P_SElO_0ZHS_88O0D_Nzc5_y0oLv8jHyD_Ix8e_yQgH_8iHh3_JCAf_yUkIP8lJiH_KSgm_zItKv8rJSX_KSEf_ywjJP8uJSb_JyIf_ygfIP8yJyv_NjMu_zsyM_8tKSj_Myor_y8mJ_8xKCn_LyQo_0A4Nv84LTP_NS8v_zgvMv9DP0D_PDc7_zs3OP80LzX_Ojs9_0JBRv9AP0T_OTg9_ysqL_85OD3_PEFE_1ZbXv9rdnj_hYyU_46XnP-KmJv_iJGY_4iTl_-IkJP_hYyS_4mQlv-KmJv_jpmb_4-Yn_-Kkp3_iZKb_4qQnP-Nlp__ipSd_4qUnf-Ol6D_i5Sd_4eNmf-Hj5r_iZKZ_4-Yof-MlZ7_j5qe_4-Smf-Lk5X_i4-Y_4uQlv-Kj5X_ho2T_4eSlv-Bj5D_goyO_36Kiv-IkZj_b25z_3h5ff91dHn_d3Z8_3l6fv90dXn_fH2B_3p-ff94fYD_dnx8_4SIi_-DhIj_h4iM_35_gf-DhIb_f3-H_3Jyev9LSVf_OzU__0M-Rf84Mzr_Ojg9_y8uM_8uKS3_IR0e_yAcHf8kIB__IiIg_yQjIf8zLy7_Ly4s_zEwLv8tLCr_KSMj_yYdHv8vJCj_KiEi_ygfIP8oIyD_LSQl_y0kJf8tJCX_My4r_ysmI_8zKyn_MSsr_zgwLv80Lyz_Ni0u_zMqK_9ANzj_NDMv_zYyMf84NDP_PTg8_zw4N_85NDr_ODY7_zM0OP8rKi__MTA1_zU2OP83P0H_TVdZ_292fP9_io7_i5ac_4OMk_-Hkpj_iI-V_4uQk_-Ok5n_ipib_5Cao_-Kk5r_iJWb_4mUmv-FkJb_iJOZ_42Wn_-Jkpv_jpeg_5Cbof-Kk5z_h42Z_4uUm_-Ol6D_jZaf_4qTmv-MkJn_i5CU_4yQmf-GipP_io6X_4WMkv-FjpP_f4-M_4iPlf-Gj5T_ipGX_2lobf93dnv_eXh9_3V0ev96eX7_dnp5_3h5ff94fH__e4OF_3iBfv9_gIT_eYCG_4mKjv95fIH_fn-E_2Fkaf9PTlP_Pz5E_0U_Sf84Mzr_NjE4_zItM_84Mzn_KyYq_x8bHP8hHR7_JSEg_yQgH_8qJSL_MC8t_zo5N_8uLSv_LCgn_ysnJv8sIyT_KyAk_y0iJv8nHh__KSAh_ykgIf8qISL_Mikq_zszMf87NjL_OjUx_zcvLP83Ly3_Lywl_zUwLf89NTL_NjIv_yciH_8pIR7_MTAs_zczMv87Nzb_Ozc4_0I9Q_9EP0X_Ozo__zAvNP8oLC__Ki8z_z5DR_9WW1__bHd7_3yFjP-Hkpj_h5KY_4WPkf-FjpP_hI-R_4mXmP-OnJ3_hpGT_4mUmv-NmJz_hJKV_4aRlf-HlJr_jpqa_4yXnf-GjZP_jJOb_46XoP-Jkpv_iZOc_4qVm_-Rlpz_k5eg_46Vm_-Ql5__i5Kc_4eQl_-Ej5P_gouQ_4SSlf-Hkpb_gY-S_4OOkv9mZ2n_eHl9_3d2e_93dnv_eHd8_3Z7fv95en7_fH2B_3R8fv98goL_gIWJ_3uDhf99hYj_dnp9_11gZf84Nz3_Ojk-_0NCSv88PUH_ODk-_zMyN_8zKTH_LiQs_yYcJP8fHx__Ih4f_yIcHP8nIyL_LSwq_zIzLv8oKCb_Kikn_ycjIP8lIB3_JBsc_yUaHv8nHx3_JRsc_ycdHv8tIib_MScl_zQsKf84MzD_Ny8s_zMpJ_8yKCb_Ny8s_zEsKP81MCz_OjUx_zcyLv8rIyD_KiIf_ycfHP8xKSb_RTw9_0E9PP88Ojv_NjM6_zgzN_8zMjf_KSgt_ygpK_86QkT_QkdL_2NpZ_9ze37_fYaP_4iTmf-Bj5D_h5eX_4eamP-Aj5L_iJOX_4uWnP-Fk5b_ipWZ_42YnP-Ml53_hpGV_4uanf-HlpP_iZGT_4qRm_-DkZT_h5KW_42YnP-Jl5j_jJWc_4iRmv-Lj5j_iZKb_4aPmP-EjZb_h5KU_4KQk_-FjpP_hZCW_4eTk_-FkJb_ZWBm_21scf91dnr_dnV6_3d2e_9xdXj_eHl9_3N-ev99goX_eXp-_4CDiP92gYX_cHN6_1FRWf8zMjr_LCo3_zg5Pv9AQUb_PT5D_zIxNv8uKS__JSAm_ygfJP8hFx__Ihka_xwWGP8eFRb_JRwd_yIhH_8oIyD_KSUi_ysjIf8nHx3_KiIg_ysjIf8qHyP_LSQl_ycbH_8qJiP_MScm_zIkIf8yJCP_PC4t_zstLf86LSf_NS4o_zgvKv83LSv_NCoo_zMpJ_8wJiT_OjAu_zYsKv8uJCL_Migm_zkxLv85MDH_OjQ0_zEoK_8pJCr_OjU7_zg3PP8xMDX_NDg7_0JBRv9KUlT_Ymho_212e_-Gk5v_hZCW_4eSlP-Ai43_hZCS_4uSmP-LlZf_jpWb_4KNj_-EkZf_jJeb_4aPlv-LlZf_jZKW_5CWlv-DiIz_iZKX_4eSlP-Klpb_iZSW_4qTmv-HkJn_ipOa_4iRmP-Ljpf_gYqT_4GMkv-EjZb_gouS_4WOlf-FkJb_g4yT_2JdYf9oaW7_c3J3_3d1ev9ycXb_cXB1_3l6fv92enn_bnN2_3J2ef9nbnT_Vlpl_0tMUf84Nzz_Li0y_zQzOf82NTr_PDtA_zU1N_81NTf_Likv_yYhJ_8nHiP_Ixod_x8WF_8fFhf_IxYd_ycfHf8qISL_KSEf_yYeHP8qIiD_MSkn_yggHv8mHhz_Lycl_y4mJP8uJCP_Lyck_zoqKv83KSj_OCgo_zEhIf8sIhn_MCMb_zUoH_81JyT_Micj_zosKf8wKSP_Mykn_zIpJP8sIiD_MSgj_zguLP8zLir_PjI2_0M4Pv8_NDz_OC80_zcyOP8vLS7_MjI0_zMyN_86OT7_TFBR_1VYXf9obXH_hJGX_4mSl_-Ci5D_jJGV_4WNj_-JjpL_jJSW_42UnP-GjpH_iZOV_4qVm_-Gj5b_jJKS_4qPkv-Kj5L_hY2P_4WRkf-DkZH_f4-O_4WRkf-Kk5j_iJGY_4SNlv-HkJn_f4iR_4iRmv-Gj5b_hI2W_4KLkv-DjJP_hI-T_4OMlf9fXlz_Z2Vo_21tb_9tbnD_dHR2_3h6ef91dXf_dnp7_3B2dv92d3n_Z2xw_11fa_9QVVv_PUFE_yorLf8xMjb_NTQ5_ywrMP8sKzD_JyYr_zUwNv8qJif_JRwd_yceH_8eFxH_Fw8M_yQcGv8mHhz_JBwZ_yoiIP8nHx3_MSYk_yggHv8tJSP_JRsa_yccGP8vIR7_MyUk_zQpJ_84KCj_PS8u_z8yLP87KiP_MyIb_yscF_8rHhb_LiEZ_zAkGP81JyT_Nigl_y4lIP8jGhX_KB8a_zEoI_82LCr_Misl_zcuL_83LDD_PDI6_zkyOf81LzH_PTk6_zo1Of83NTr_MjA1_z5CQ_9TVFb_XGFl_3J7gP-Rlpn_iY6R_4SJjf-IjZH_iY6R_4yRlP-Kj5X_iYyR_4-Ul_-PlJj_io-S_4ySkv-Ok5b_i5CT_4eNjf-EjYr_iJSS_4OWlP-Fk5P_hI-V_4eSmP-Kk5z_iZKb_4SNlv-Gj5j_jpKd_4iRmv-IjZH_jZGa_4mNlv-AjZX_ZWFg_2lpaf91dXX_b29v_3Bwcv93dXb_c3Nz_3Z4df9yeHj_aWxx_29zfP9rb3j_TFNZ_0FES_80NTf_Li0y_ywrMP8yMTb_JyYr_yQjKP8lIyT_KiYl_yUkIv8lHRv_HRUT_xsTEf8eFhT_IhoY_yEZF_8fGhb_HhYT_yofHf8wJSP_MScm_yshIP86Ly3_QTc1_0M4Nv86Lyn_Rzw2_0g-NP9MPTb_SDox_0U3Lv84JyD_NCYd_zAlH_8uIB3_MCIf_zIlH_8rHhj_NSgf_y8mHf8pIhz_LyUj_zQsKf87MzD_OjIw_zkwNf87MjX_Ni0w_zUzNP8uKin_NC00_zArMf83Njv_Pz1C_1lYXf9qa2__foGG_4SNjP-Mj5T_jJGU_4eMkP-MkZT_io-V_4uOk_-NkpX_iY-P_4qOkf-Gj47_h42N_4aQkf-FjY__hI2K_4ORkf-Hl5b_iJGW_4OOkv-DjJP_h5CZ_4qTmv-BipP_h5CZ_4qTnP-Ah4__g4eQ_4uQlv-IjJX_hYyU_2NmX_9rbGf_bGxs_3BwcP9zc3X_dXZw_3x8fP9zeHT_c3h7_3B4e_9weYL_ZGhx_01NV_8-P0T_NTU3_y8uM_8xMDX_NDM4_zIxNv8mJSr_KyYq_ykkKP8hIBz_GxMR_xMLCf8eFhP_IRkW_yMbGf8gFhX_Jhwb_yccGv8fFBL_IhcV_yIXFf8rIB7_NCYl_y4jIf8qHxn_LR8W_ywbFP8uHxj_PCkj_z8sJf9CMCb_RjEs_z0qJP85KCH_Oikh_zgnH_8xIhv_MSAZ_zAjHf8qHRX_LiMd_zguLP8zKyj_OjAu_zMvLP86MTT_OTEv_zEoKf87MjX_PzY5_0E7P_88Mjr_PDc9_0VARv9ERUn_ZmVq_3V5ev9_hIf_goeL_4SNjP-Kj5L_jJCT_4uOk_-LkJP_iI2Q_4uQk_-Rlpn_ho-O_4SMjv-CkpH_iY2Q_4KMjf-GlJT_jJiY_4uUm_-HkZr_ho-W_4iRmP-Ol57_h5KY_4KLlP-Kk5j_hYqQ_4OHkP-Kj5X_iJKU_4GIkP9lZmH_amtl_2pqaP9ra23_c3Nz_3N1dP92d3L_eH13_3N4e_9ud37_aXF-_1VZZP9FRVH_QUFJ_z08RP85N0L_NDQ2_y0sMf8qKS7_Li4w_yooK_8rJir_HB0Y_xoSEP8YEA7_HhMR_yAbF_8gGBb_IhgX_yIXFf8dEhD_HRIQ_x4UEv8gEBD_IRYS_yQVEv8rGhP_KBYU_yYZEP8sGxT_KBcP_y8bEv82JBr_OCQd_z8oIv84JB3_PSoj_zosIf87JB7_RzYu_0YyK_87KCH_OSoj_z8yLP8-MC__Niwq_zQpJ_8qIh__Mysp_zMrKP8pIR__Ni0u_zctLv8-NTj_QjhA_zctNf9CPUP_UVBV_1xgY_9mZ2n_ent__4WGiv-EjYz_jI2S_4qNkv-Ii5D_h4yP_4yRlP-JjJH_hYiN_4GKif-KlJX_h5WV_4qPkv-Fj5D_hpCR_4mVlf-Jkpn_h5CZ_4eQl_-Gj5b_ipGZ_4mUmv-Fj5j_hY6X_4OHk_-FipD_hIiR_4aLjv-Gi5H_XltU_2lmYf9sbm3_bGtn_2tra_9ub2r_dXVz_3V6dP9zeHv_dHiD_2ltef9NUV3_R0tW_0FBTf87Pkf_OkFJ_0ZHTP8_QEL_JSQp_yIiJP8hHyL_JyMi_xgXE_8ZEQ__GxMQ_xkPDf8fGBL_HxQS_yIXFf8eExH_GQ8N_xkPDf8fERD_HA8J_yYVDv8nFBD_KhkR_y4bFf8oFxD_LxoV_zcjHP80HRf_OiEc_z4iHv89JB__QCci_0svK_9UOzb_Vj04_1M3M_9SOzX_TDUv_1E_Nf9QPjT_QC8n_z8xLv85Kyr_LiYj_zctK_85MCv_NCoo_zUtKv88NDH_PjM3_0U7Q_8-NDz_PTtA_0ZFSv9SU1f_YF9k_3N0eP-DhIb_jJGU_4uOk_-IjZH_h4yP_4mOkf-MkJP_io2S_42Qlf-LlJP_h5GS_4ONjv-HkZL_go6O_42XmP-LlZb_h5KY_4qTnP-Hjpj_h46W_4iPl_-MkJn_h5Ga_4KLlP-FiZT_hYyU_4iRmv-AjpH_iIyV_2FgW_9wbWj_cXBr_3BraP9yb2r_c3Bp_3Fyav91eHH_bW9u_3Fzf_9jZ3P_VFtr_0lQWP9HSVX_PUFK_z1ETP9FTFT_PTtA_ygjKf8qJSv_JSAk_yMiHv8cFhb_HxcV_yAYFv8eFBL_KB0b_yAVE_8jFRT_IhcR_yETEv8fFRP_IhcR_ygVD_8nFA7_LBgP_y8bFP8uFw__OCAU_zsjF_9GKyL_RSke_0swJ_89JB3_STAp_1Q3L_9XOy__aElG_2tQSf9rTkb_Z05H_2FKPP9kTT3_Wkc5_1JCNf9RQDj_QzUs_z4zL_8xJyX_Mykn_zQqKP82LCr_Qz46_z0zNP84Mjb_QT06_0ZBRf9AP0T_UE9U_11cYf9rb3L_dXl6_4KHiv-LkJP_iY6R_4OMi_-EjI7_jpGW_4-Ul_-IjZD_h4yP_4OPj_-LkJP_jJGU_4WPkP-Hk5P_iZOU_4qTmP-Rl6P_ipef_4uVnv-NkZr_h4uU_4WQlv9_hpD_e4WO_4SNlv-Gj5b_f4qO_4uPmP9hXVT_aWRg_25pZf90bGn_eXRw_29sZ_9ub2f_bHBv_3Jxdv9qbHn_VFhk_0pNXv9PU1__MzpE_0BDSv85PEX_MDQ3_ygnLP8hICX_KCMp_yUcIf8rJSf_KSQh_ywkIf8gGRP_HhQS_yAVE_8jFRT_IxUU_ygaF_8hEg3_JxkQ_ycZEP8yHhf_MRkP_zseFv9EKBr_TDIh_1tBMv9VOyr_TzUm_1c9MP9cPC__UzUq_2dKPP9kQzr_bVNG_31fVP96XlD_e2FU_3ZWS_9yVUf_dFRF_3NWSP9qT0T_blhL_1pJP_9LPzP_RDYz_zAlH_82LCr_Lyck_zcvLf88MzT_PDY4_zo2Nf8-Ojv_QkJC_09OU_9UU1j_XF1f_2htaf9_hIf_g4yL_4iRkP-DjIv_gYaJ_4iNkP-Kj5L_h4yP_4uQk_-Ejo__hZGR_46Tlv-Hk5P_ipSV_4WPkP-JlJj_h5KU_4WMlv-Gj5b_g42W_4WKkP-Hi5T_gIeN_4qRmf-BiJD_fIeN_4SNkv-Dh5D_XldP_2VcU_9qYmD_cWhj_3Nuav9yb2r_cXBs_21xcP9scHv_X15s_0dKW_9KTVz_QkpX_zxFTP8-Qkv_NzVC_zM0OP8uLC__JyUq_ywoKf8sIyb_Mygs_ysiI_8gGxj_IRgT_x0SEP8cEQ__KBoZ_yMZEP8nFRH_KBoP_ywZEv81Ixn_PSAa_zsgFf9HKR7_Uzcp_1k5LP9WPC3_XT0w_15BM_9sTD__blFD_3FQQf91VEX_d1pM_3xcT_-JbFz_i2tg_5B0Zv-WcWj_kGxg_49pXP-NY1f_jWld_4FlWf92XVj_YVNK_0k3Nf8sIRv_OCgo_zQpJ_8yKij_MjAx_zw2OP86NjX_OTc8_z0-Qv9HRkv_UVBV_1ZXWf9gYl__bXh0_4aLjv-Ci4b_h42L_42Tk_-MkZT_i5GR_4iNkP-GjpD_iJKT_4iUlP-MkJP_go6O_4qUlf-LlZb_jpmf_4-Ul_-KkZn_hI-T_4WQlv-Bhoz_iY2W_4qOl_-DipD_g4eQ_4aKk_-Gi5H_iY6S_2ReUv9nY1j_aWZd_2xoX_93c2r_amdi_3FwbP9rbG7_bG56_1tecf9RU2j_TFJi_0FLVf87RE3_OUBI_z4_RP84ODr_JyUq_ygkI_89NTP_OjAx_zUrKf8mHhv_JxwY_yYbGf8jFRT_IxYN_ygbFf8lFw7_JxkO_y0bEf8zHRL_OR4V_z4gFf9DIxb_Ty8g_1w_Mf9nRjX_cFQ__35bSP9_YE7_hmRY_4trXP-CXlL_iGJX_45qXv-TcmP_nnps_6N7c_-rg3v_rYJ7_6N3bP-dbmb_oXBp_6l6cv-jeWv_knFo_3BZUf9LODL_Pi0l_z0rJ_83LCr_NS0q_zcuL_85MzX_QDo8_0E9Pv9EQD__TkpL_1lYXf9UVVf_ZGRk_3Z4df-DhYL_i4-Q_4OJif-Ijo7_ipCQ_4iOjP-DiYn_goqM_4WPkP-Bj4__hI6P_4ONjv-HkZL_h5GS_4mTlf-JjpL_ho-U_4ePkv-JjpT_hYqO_4OHkP-Cho__h4uU_4KJkf-Gj5b_iI2R_4SJjf9hWU7_ZmBU_2RgVf9pYlj_cGxg_2xpZP9pb2X_a2xu_25sd_9jY33_V1lw_0dJWP9CSVH_Q0dS_zxASf9ISU3_MzA3_yMhIv82LTD_RDo7_z81NP8sIiD_Khwb_ygdF_8oGxX_JRoU_ykcFP8pHBP_JxkQ_ykYDv85Jhj_PCEY_zshEv9EJxn_US0h_2ZDMP93VkX_fl1K_4NfT_-Nalf_j2pa_49rW_-RbFr_mHNh_555Z_-ed2j_oXlv_6uDd_-5kYf_tIh__7eIgv-yg33_soB5_6p4cf-wgHb_qH5y_6GAcf-FZFv_Zk5E_1E-N_8-Kyf_Nign_zszMf88Mzb_PDc0_0Q7Pv9JQEH_Qz9A_1BMTf9PS0z_VlZY_29xcP9wbm__goSD_4mKjP-IiYv_jY6Q_4qQkP-Bh4f_fYOB_4WKjf-Cjo7_gYuM_4ONjv-Bi4z_hpKS_4mTkv-IkpT_hY2P_42Slf-BiI7_goyN_4WNj_-EiJH_g4eQ_4OKkv-EiJH_f4iN_4GFjv-HjI__XlhM_2VjVP9pZ1j_aGZZ_2xtW_9pbGP_ampo_2Vqbf9pbXn_YGV5_1hdcP9NUVz_R05Y_1JUYP9BQkb_SkhL_zEtLP8vKib_TEdE_09BQP83KCX_LB4b_ywcHP8nHRT_KyMY_zIhGf8sHhX_NiQa_zAeEv84JRT_RC0d_0EkFv9GJxX_Tysb_186Kv90UED_hWBQ_4plU_-Oa1f_k3Bd_5FuWP-WcF3_m3Rl_6V7bf-mfG7_pnty_6mHe_-1k4f_uY6F_6-Hff-6i4P_tYmA_7WEff-1g3z_tod9_6uBc_-ng3P_k3hn_4RjWv9mSkb_RTQt_zwuK_9DNzf_Qzk4_0Q5P_9KQUT_SUNF_0hEQ_9GRUP_VE1U_1lYVv9kY2H_ampo_4WFg_-OkI3_io6N_4iOjv-LkZH_jI2P_4aMiv-Gi47_hY-Q_4GLjP-CjI3_goyN_42Slf-Lk5X_hIuR_4iPlf-EjI__gIuN_4KNj_-DiIz_houP_4WJkv-Ai5H_fIeL_4OKkP-Fio3_gouQ_19WTf9oYlb_bGla_2ZnV_9raVz_am5g_2hrZP9udHT_Zmp1_2Bnd_9gY3L_TFBb_1FQXv9OUVr_U1RY_1JKSP83Myr_Nign_0o_Of88KyT_NSYf_zYlHv80Jx7_MCMb_zcrHf84JR7_NiIX_zYjFf86IBP_RCkY_0wrGv9QKxv_VTIe_2U5Lv92TTv_iF1U_5RqWv-RbFr_lXBd_5luXv-cdWT_qX1y_6h-cv-tg3f_r4R7_62Jff-4lIj_t5WJ_7qUif-zj4P_u5CH_7aOhv-4iX__uIeA_7WGfv-winf_rYh2_5t7ZP-WdGj_cltN_1M8Nv9AMSz_Oy0q_0Y4N_9TSUj_VEtQ_1ZMVP9YT1T_WU5U_2JXXf9fWlf_bGRi_3Z3cv-EhIT_jY2N_5SWlf-Mjo3_iI2J_4qMh_-Fi4v_houO_4SOj_-DjY7_hI6P_4KMjf-IjZD_io-S_4qQkP-HlpP_ipGX_3-Ji_-EhYn_goqN_4aLkf-DiI7_goaP_4KGj_-EiJH_gIqL_4CJkP9gWEv_Zl5T_2ljV_9nZFX_aGJU_2lqWv9naGL_aW5o_15la_9nanP_WVxl_05MV_9UVFz_T1BU_1lZW_9VTUr_OC4k_z0wKP9FNCr_Oykf_zonIP9EMij_Piwi_zglHv80IhT_MxwO_zsgD_9EJBf_SCUS_0smE_9aLhX_Zjcl_3RJNv-GV0f_lmdX_5xuX_-abmH_lXBe_6B5av-id27_p31x_6-Ee_-qgnb_qX51_7OIf_-yioD_tJCE_7qVjP-5k4r_uJSE_7iUiP-7k4v_tY2D_7SIf_-uhnr_rYp3_7CLef-vhXX_oX1n_4pmVv9rUEf_SDct_0Y0MP9FNjP_UEJB_1pVUv9jWWH_Z2Fh_11UV_9gVVn_aGJi_2piYP9xcGv_h4OA_4-Pjf-Sk47_kJKR_46OjP-OkI3_hoyK_4qPkv-Eior_goeK_3-Jiv-BiYv_iJKT_4qSlP-Hj5H_i5CT_4iOjv-Ejo3_iY2Q_4GGiv9-gov_gomR_3-DjP-DiIz_hYqQ_4aMjP-Cio3_YVpI_2hcTv9mYFL_Z19S_2hlVv9fYVT_Y2Zb_2hnY_9eX2P_VlVa_0lKTv9JSE3_RkZG_0lHTP9gWFX_R0Q7_zMlHP9CMSf_Szss_0Q0JP9FNCT_TDsr_zwpG_86JBb_OyQU_zcaDP9IIhX_TCcU_1IkDf9dLhL_eUQl_4NNMf-SY0n_l2hW_6J3Zv-vgXL_qnxs_6l9cP-vgHj_roJ5_7OEfP-tgnn_rYV7_62Cef-5kYf_uo-G_7mThv-4lIb_tpKG_7qWiv-5k4j_tpKG_7mPg_-4jYT_tIp-_7CIfP-xjHr_tYt7_62HdP-beGX_dltK_1I_OP9KOS__RTQq_0o9Nf9YT0r_X1dV_2JZWv9nXV7_a2Ng_3BrZ_94c2__eXRw_4J_ev-Rjon_nJmU_5eWkf-RkZH_iY6K_4eMiP-Hi4z_hoqL_4qOkf-DiIv_houO_4OPj_-GjpD_iY6R_4WKjv-Ei5H_ho6R_4iJjv-BiYz_gIeN_4eLlP99hYj_f4eK_4KKjf-Eh4z_hImM_15SRP9gVEj_Z1tP_29iWf9nX1L_a2VZ_2JgVP9paWH_W1VV_0ZFQ_9EQz__REM__0ZFQ_9KQUL_XFJQ_1NHO_88LB3_QDAg_0EwIP9CMBz_UDso_1c9LP9FKRv_RiYZ_0EnEP9QLRn_UyoY_1otFv9lLxf_eUEg_5JaOf-ZYEL_pHFU_6V1Xv-pfWL_rn9t_7SGdv-ug3P_s4R8_7KBev-zg3n_soN7_6yBeP-zi4H_vJGI_7qWiv-3kYj_uZOI_7iUiP-3k4X_upSL_7ePhf-yh37_s4h__7WGfv-vhHv_sYl9_6-KeP-yjHn_nHdk_4NiUf9rVEL_VEA1_088Nf9OPTP_Y1JI_2ZZU_9iW1X_ZFxZ_2lfVv92b2n_fnlz_4F8dv-HfnX_l5WJ_5OUjP-SkYz_lpWR_4eJhP-MjIr_jI6N_4WJiv-LjYz_hY6L_4uRj_-HkZD_gouK_4eIjP-IjI3_h4uO_4mOkf-Jio7_iYqO_4eKj_-Gi47_hIiL_4WKjf-Fio3_hY2P_36Hhv9gUkX_ZFhK_2lgUf9nXVH_Z19U_2VjV_9lXlb_XlZT_1lRTv9LQ0D_RUA6_0tGQv9PR0T_UElD_05CNv9QPjL_Szgn_1VCMf9JNiX_SzUg_00yIf9SMiP_Ti4X_1QxHf9XNB7_WzMa_100GP9lNR7_g04v_5NaPf-gZUf_rHVW_7CBZ_-xgm7_t4p1_7qLef-0hnn_t4d9_7GCev-0hX3_tYZ8_7eIgP-0iYD_u5CH_7uPhv-6lIv_tY-E_7aQhf-4kof_uJKF_7mRif-3kYb_uY6F_7qPhv-3j4X_uY6F_7aLgv-vjHn_tYt9_7GLeP-Ub1z_dVxI_2RJOP9OOyz_WUA7_2VUSv9oV0__Z11T_2pdVP9mWk7_eGti_3dxY_9_fG3_jYF1_52Xh_-mnZb_nJmQ_5STjv-Kh4L_joqH_4mIhP-Li4v_hYWD_46Qjf-DjIn_hoyM_4CJiP-DhYT_iYqO_4iJjf-HiYj_hIWJ_4aKi_-Eioj_hYaI_4OEhv-Biof_hoqL_4WLh_-DiYf_WlFC_15XR_9jW07_Y2BR_2JaT_9pYlz_Z15Z_2plX_9gVlT_Vk1G_0c-Nf8-Oyz_Pzgo_0o9Kv9PPCv_UTco_1I8Jf9aQS3_VDsn_1E1IP9SLxv_UCwW_1MqFP9nOiP_Yzca_3NBKP9vPB__gkw0_6VsT_-scFb_s3pf_7Z-Y_-3iXH_w5SC_76Pf_--kIH_vo-H_7aFfv-2hYD_tYaA_7eIgP-8j4n_vpGL_8GSiP-4iYP_t4-H_7WNg_-4jYT_vZKJ_76Wiv-1ioT_uZOI_7uViv-2joT_u5CH_7KHfv-yh37_sot8_7GHd_-2jHb_mnhf_4FlTf91WkX_XEIx_1ZBLv9bSzv_ZFBH_2dZTP9rW07_b2JR_3lpWf92Z1T_c2RR_39vX_-PhnX_n5OH_6afl_-VjIP_h4d__42Khf-Mh4P_ko6N_4aIg_-Ghob_jY-K_4iNif-MkJH_jZGQ_4iMi_-IiYv_h4mE_4ePkf99hoP_foSE_4CEhf-EhYf_hYeC_4eMiP-Bion_gIaE_1lNPf9YUkT_YVlO_11ZTf9nXlX_ZmRY_2djWv9mX1f_W1JL_1tRR_9IPzD_Rj4p_0tDLv9EOR3_SDQZ_04zHv9TOhz_WkAn_1k5IP9iPyH_Zz0k_2U2HP9xQCL_fkYv_3xIMP-CRCv_ik0x_51iRP-rclf_tXhj_7aAaP-6g27_uo12_8OVhf_Bk4b_wJKF_8KTjf-_jYz_uYyH_7mKhP-8jYX_u4-G_7uMgv-9job_uouF_7iJgf-5jYz_upSJ_76Vj_-_lI7_uoyM_76Zkf-7lYj_tpKG_7WNg_-rgXH_rH5v_7GFeP-wgnL_rH5u_6B8Yv-beGL_imVS_2hKMv9aPy7_WUUs_1tIN_9sWUv_a1tL_25fTP94aVb_fG1a_3prVv95ZlX_fm9a_5eFd_-fl4z_mIuC_46Lgv-Oi4b_ioqC_46Nif-QkYv_hoeC_4aIg_-Kj4n_iIqJ_42PjP-Hi4r_hoeJ_4GHhf-Hi4r_gISD_4CEg_-BhYT_g4WC_4CCgf-AhIX_gId__4KGh_9ZTT3_WlND_2FZTv9iWk__Zl1W_2FdUf9pYFn_ZV5U_19WT_9VSD__Sj0t_0w9Kv9IOyj_RjUZ_0YyF_9YPCT_WEAe_2ZFJP9rRCX_c0Yn_3xGJP-KSi7_hk4t_4hNL_-dYkL_m1w9_6VlSf-iaUv_rnZb_7l_a_-7hnb_vo18_72Sgf_DkYj_xJWL_8STjP_Ck43_wpCP_72OiP-9job_wJGJ_7uMhP-8jYX_uY2E_72Ohv-8kIf_wZKM_8CVjv--k4z_wJiQ_8GVkv-7mJT_rpGJ_6KHgP-ffXT_oH9w_6N4b_-ieGz_qHxx_7SIe_-qf2z_pYFn_5xzX_-HZUz_cVA9_19KL_9UOiv_XEU3_2RPPv9sWkT_d2lP_3VkUP90Y0n_c1ZE_3VfSv-Falf_oYd4_5-Ofv-RiX7_ioWB_4iHgv-OjYv_iYiE_3-Ae_-Hh4f_hYWF_4eHh_-Fh4T_houF_4eLiv-FiYj_hYmI_4SJhf9-hX3_g4eG_4SLhP9-iH__gomC_36Hgv-AhIX_V0s7_19TR_9dUUX_aFtS_2RcUf9gXFH_YFlR_2ZkWP9oYVf_T0U7_0o5L_9ALiT_OiQX_0AmFf9GKhT_TysT_2M7If9tQST_bT8d_3VBGv-GRyT_lFQw_55eQv-kaUv_r3ZY_69vU_-ocVL_t4Jj_7eEaf-1g2z_vY5-_72Ofv_FlYn_x5KK_8eVjv_Ek4z_xZaO_8SVjf-8j4n_wZKK_76Ph__Bkor_v5CI_72Vi_-9joT_wI-I_8aXj__DmJH_wpqS_8Wak_-3joz_pYR__52Cd_-KeGz_gW1m_3leV_9wUkr_dVdP_4ZiVv-Rblv_pHtl_6d9ZP-pgWf_qIJr_5t5Xv-Mak__dVlE_2NGNv9eSDP_ZUw2_21bQ_95ZU3_emZL_4FiTv-DXUj_jmFK_6d9Zf-yjnj_qY59_56Of_-NiYD_jI2H_4WFg_-Dg4H_iIiG_4eHh_-Ghob_f39__4qMif-HjIj_g4eG_32BgP-Bg37_hIaB_4mLiP-EiIf_f4Z__4WKhP-GiYL_hoeJ_1lIPv9jVkb_YVBI_2VXTv9gUkf_YVpS_2JbU_9gXVT_c2xk_0xANP9HOTD_Pioj_zwmGf87HxH_RicV_0MaCP9XKQ__dUQm_3RCIf95Qx3_ml45_69vU_-we1n_tX1k_7iGZf-_iGn_wIpu_7qLcf-9i3T_v5J7_72Qff-_lIT_wI-I_8KQif_HlYz_x5eN_8GRhf_Lm5H_wpOL_8qbk__KnI__yZqS_8uclP_HmI7_ypyP_8idjf_Aloj_vZWL_7uXif-vjYP_nn10_5N6c_-DcGH_a1VH_2hQRv9cQTr_WDgt_1k8LP9eOSb_dEs3_4NWQf-fcVr_pXdg_7WIc_-yinH_qohs_6uCcP-ZdmP_gmJL_2NHMf9bQSj_dVtE_39nTf-HZEj_j2JF_5lkRP_IkXP_1qiQ_9SvlP_RsZr_rp6F_5WSg_-Fi3__h4mI_4eJiP-JioT_iYWC_4qMh_-DhYD_hoiD_3qEe_95g3v_goV-_4KHgP-KjIf_goSB_4GGgP-GiIP_fIF6_4SGg_9aRzn_X0k-_19NQ_9hTkf_YE9H_2JWSv9gV1L_ZFpY_2pgX_9CNSz_PzEo_0EuJ_89KR7_NyIP_zgcDv9BFwn_Xy0U_4dPOP-RVjj_pmVF_6htS_-rdFX_sX1l_7qIcf--kHj_wpN5_8KUfP-6inP_wZN7_7qUgf-5jn3_wZCJ_72LhP_Ekov_xpGL_8OTif_AkIT_wZOG_7-Rgv_HmI7_xpuI_8iZj__Jm4v_yJqL_8iZif_EmoT_v5aE_6-Le_-tjYD_qo1__5RzbP9uUUP_YkY4_1U7Kv9SMiX_VjUi_188Kf9gPCb_dE08_3RJNv97TTb_flA4_5JfSv-meGH_vY15_7uPdv_BkoL_uI18_6uCbv-JZlL_bE05_3RUP_-BYkX_i19C_5RmRP-9hmf_4aqM_-OoiP_ZpIT_2KuO_7ughf-hjHv_hYN2_4GBgf-EhoP_i4iD_4uIg_-NioX_hYh__4WIgf9-gXr_gYR9_4WIgf-CgoL_e3x3_4CAfv-Ag3z_gYR9_4GJfv-BhHv_U0Ax_2RQRf9fTUH_YU9F_2FQSP9dVEX_X1ZN_2ZdWP9rYWD_T0U8_0EwKP86JyD_OiQZ_zciD_88IQ7_RRwK_2I2G_-UZE3_r3pb_7F7Wf-vfVz_t4Rp_7mQdP_Eln7_wZV8_8OVfv_DlID_x5mB_7-Sf__GmIj_wJOA_8eWkf_CkIf_v42G_8STjP_JlYr_yZiH_8iUhv_HlIP_yJSH_8ybjP_Nm5D_xZaG_8udjv_FlYH_w5KB_7qJev-fe2v_jHJj_4FmVf9rSjv_VTAg_1IyG_9bNyH_YTwi_3VMMP-LYUj_l29V_6FzW_-cblT_nXFY_5VjTP-OVUH_omxS_7F-bf-9j3j_wJF__7qPfv-6kXv_on1q_3hVQv9vSjf_eFQ0_4pfPf-oeFT_xo9x_-eqjv_gn4H_25x5_9GcfP_Op4j_spN__4yEd_-Ef3z_hYB9_4WGfv-NhoD_ioeC_4SGe_-Eh4D_homA_4SHgP-Gh3__hIV9_4mGff-IiID_fX1x_39_d_9_gXb_gIN4_1lINv9fTjz_ZFNB_2FPQ_9hUEb_XlRI_1tTSP9gV1L_Y1lX_2JZUv9OPTP_NCMb_z8pHP80Hw7_OxwK_0YgDf9mOyj_mW1U_7SCa_-5iGj_vZF2_72Tev_Dln__vpJ5_86ih__DloH_yZyH_82gif_KnIz_zZ-P_8aZhv_OnpL_x5mJ_8KQhf_FlIb_wpOD_8mYh__QnYz_yJmJ_8-bjf_Om4r_0p-O_9Chkf_ElH3_wY94_7iIdP-ecGD_flhF_2ZDMP9aNB__Wika_1ouFf9mOiH_h103_7aPaP_AnHr_vZdy_8KbdP_HnHn_w5h1_8acdv_DlXH_uYBi_7F5Xv-zfGf_tYxu_7-Ugf_Elob_wJuA_7eQc_-GYUT_cUwx_3lQMv-IWz7_rHpZ_9KZfv_ipYb_4559_9ufev_Pm3T_zqB__7eRfv-VgXj_iYF__5CIff-Ninv_iYV5_4eEe_-Kin7_f4F2_3-Cef-Ei3v_g4V3_4CCd_-Cg3X_hoR3_4SCdv-SkIT_lZiN_5aajP9XRjL_W0Y1_1pJN_9bTjv_Y1ND_2NVSv9cUkn_X1hQ_2BYVf9kXVf_Vkg9_0AuJP85Jxn_PygY_zsgD_9JJhL_YDoj_4xdSf-qfmX_vZF4_8GXfv_ClX7_w5V-_8mdhP_Spo3_zaCJ_8yjj__Tpo__0aSR_8maiP_Mnof_z5yH_9Ceh__MnIj_x5SD_8SRgP_Om4j_zpiA_8eYfv_Rn4j_zp6K_9Kgif_NnYb_yZp8_7mGaf-YbFP_fE05_2M5IP9rOSL_ZDMV_3hBI_-RWy__s4JX_8iidf_InnT_x6Z9_8mmfv-_mm7_x51z_8Wjdf_RqHz_1KV7_9KhgP_DkXD_uoxr_76Sdf_Dl3z_x5uC_8ebgv-9lnn_poFm_5NnTv98UDf_f1A0_5ljQf_Dimz_3KGD_-Sjhf_VlnX_w4xl_8OVc_-5k4D_lYF2_4iEe_-Ff3H_ioRu_4WCcf-IhHn_hIV1_4KGeP-Chnj_g4d5_4yOg_-QlIX_jJCC_5SWif-YmZH_mpuT_5yek_-kpZ3_WEMw_1xKNv9gTzv_YFE-_2ZWRv9kVkv_Z1ZO_1hOQv9cU0z_aGBd_2tiXf9aSUH_Szow_0IrG_9AIxP_SCUS_183Hv97Sjn_onJb_7qOdf--kXr_xJeC_8aYgP_ElYH_x52E_8mdhP_LoYn_z6CM_8-fi__QnYz_0KGH_9Ceh__Jmn7_0aCC_8qXeP_LmHn_z5p6_82YeP_SnX3_0Jl6_9CgfP_Sp4X_1KSA_86ddf-3glr_l2JC_3xEK_9pNxb_fEUe_4hUJf-zek3_wpJh_8ygc__BmGz_upFl_5pxUf-IXEP_gVM7_3hCJv-TWzr_tYBe_8qcev_UqYb_0qeE_9Sjgv_InHn_x5l__8aZfP_KnoH_x5-F_7qSeP-keF__e0wy_4dPNv-ga0n_zJd4_9ylhv_hpoj_2Zl9_8OEZf-5iGr_upOC_5eHev-JgHn_iIV2_5iQff-akn3_pp-N_6uplP-3sp__oaOO_5OUhP-amIz_jY-E_4KEdv-DhXf_d3ls_3d5bv9-gnT_iYyD_1ZAMv9aSDT_X048_11QPf9hUD7_XE8__2BNRv9eVkv_XFNO_2hhW_92bGr_ZVhQ_1A_N_9ELiD_QCYV_00oFv9TLhT_aT0k_4tdQ_-qfGL_s4Zv_7qNev-4j3P_wZV8_7yTd__Dl37_zZ-H_82dhv_OoIb_156K_8-ae__MnYH_zJt6_8uWdP_Pmnj_z552_9Wid__UoHj_z5xx_9Ogdf_ZrIL_1q2B_9OmfP_Wo3T_v4JT_6NnQv-RUy7_llsv_7J0S__EkF7_xZBe_7eEVf-Zaj7_gFYw_4NaOv9oRSf_XS8f_1gpFf9fKBP_cDkb_4RNLv-kb03_yZh3_9Glgv_RpYD_1KqE_9Knh__LnoH_y52F_8ueh__IoIb_vI52_5RjRf-NVjj_l2E__72Lav_ZpIT_4q2O_9yfg__Ih3H_t4Vu_7eSgP-RgHD_iYJ8_5WOhv-moJL_n5eE_5ePev-SjXf_iYRw_4qFcf-KiHn_j4-D_4mHe_97fW__hYN2_3h-cP91eWv_f4N0_3p-cP9cQDL_YUw7_1xLOf9dTDr_X046_1xLOf9jUUf_X1dK_1xSSf9qYl__f3Vz_3FkXP9gT0f_RDMj_zYfDf9NLR7_SCUP_1ksFf99SzL_nGVQ_616af-4iXX_vpB5_72Yfv_AmH7_xJZ-_8WXf__HknL_yphz_8qTdP_Gjmv_wItr_8aVbP_IkG__zppz_9Ogc__ZrXz_3a97_9eodP_UoHH_2Kx9_96vg__it4r_37OE_9ahb__FhVn_tnhJ_7-CU__Ejl__yI5e_7R3SP-SVSj_kF0y_5t4UP-xlnj_j29W_1gyH_9ZLxn_YzMd_286GP-MUTH_nWVC_8CPbv_HnHr_0qWE_82khv_Po4b_yp6F_8yfiv_JnIf_yaGH_8aaf_-0gmH_o2pM_5NVMP-mbkv_yph1_9qkiP_anob_xol2_7-Pe_-yk4H_i31w_4SBeP-IhHn_hH5w_4N9bf-CfWr_f31o_358Z_-Chm3_iYt-_42Kgf99e2__fHpr_31-cP97gGz_hIZ7_3x_dv98gHL_WEMu_1tGM_9bSTX_XEo2_2JSO_9gSzb_YlFB_1tOPv9dUEf_ZFtS_3pyb_91a2H_Z1pR_00-K_9RNyj_TDAi_0QqE_9LJxH_ckQq_5JiS_-wgGr_uIt4_7qUgf-0kHr_tZN6_7SSd_-rhGf_sIFn_7SEYP-3hWL_s35e_7V-X_-welb_tXpY_8OOZv_KnGv_2LF6_961ff_bsHv_16Nx_86gbP_dr33_2q59_92yf__bpnL_zo5g_8eEV_-7fk__wYRY_7l6Tv-mYjX_mV4y_7F9Vf-6mnH_0bqY_8mwkf-VcFP_d000_3JAJ_97SSj_mmRC_6dxTf-5g2H_u4xy_8WSff_FnID_xaCF_8mdgv_Mooz_yKCG_86lif_Vp43_zJp5_8SObP-8gFv_sHRQ_7iBYv_Oln3_zJWA_8KPev-8kYD_sJCF_46Adf-EfnL_i4N4_4aAdP-Ef2z_gYBu_4CBb_-Fhnj_f4Jv_3-Bc_9-fnL_fH1t_3x6bf98fW__d3hq_399cf9_gXb_f4F2_1c-Kv9cQjP_U0Et_1xKNv9hTDv_ZlFA_2FOPf9iU0D_XE5F_2lbUP95cGn_g3p1_2lgUf9aSzb_Uzws_1U1Jv9AJRT_USYT_2I2Hf-BVz7_nXRi_6eAcf-mh3X_oYR0_6GHcP-Jb1b_dlpC_31aRP93V0D_ck40_2xDJ_9zQyz_bj0d_3tAHv-XYjD_wpBd_9Gna__asnX_zqdm_9ilbP_Qomb_3ap7_9mpe__apHj_0pRl_8eHWf-6c0f_rmo9_6hjOv-gWjb_rm1H_6htRf-ygVb_wJ1z_9i8lP_PrYf_rXxb_5hmQf-ocVP_uIFj_8CKcP-1f2f_t4Fn_7WCb_-7inv_wJOA_8achv_SpY7_x5-F_82li__Qp4v_zZ-F_9Cnh__Nn37_1aOA_8qPcf-0fFv_r3dc_7-NdP-9jXn_u5GB_6OHef-MfG3_iHty_42Dd_-Ff3H_g4Bx_4F-b_-BgGz_hIFy_359af-IgXf_entt_35_cf-Bf3L_fnhs_3t-bf-CgHT_gX9z_399cf9YPyv_W0Uw_2BLOP9dSzf_X003_19RN_9iTTz_ZFhC_19PQP9jV0v_fHRp_4B4a_92bV7_Y1A__1k_Lv9ePS7_UjEe_1EoFv9PJw3_bEct_4pqU_-Xd2j_jndn_3dVSf9aOyf_Yz4r_1kwHv9VLBj_UScR_1YsFP9XLhL_Xy4Q_2ExDf9xNg7_f0EQ_6RjLf-4gEP_zJVc_82cYv_VpXT_zp1y_9Gcev_LnXz_zJiA_8OIaP-2d1j_nV1B_5VSN_-NTTH_kFEy_41KLf-TVzX_ll45_6duQ_-zdkn_t4JQ_7qEXv-7imL_ypd4_8iZf__DjHj_uIRv_656bP-0h3T_uYqA_72Qff_HmYr_x5mC_8ygh__OpYn_0KWF_8yfgP_QpH__1aiH_8-jgP_UnX__xYlt_6dvVP-xf2j_wY1__7CIfP-ghnn_hHtq_4V4b_-Thn3_iIB1_4aAcv-EfnL_h4N3_4SBcv9-gGv_g31x_4KBb_9_gHL_fXts_316a_-AfnH_f31x_32Ab_96fWz_UToo_2NOOf9bRTD_W0Yz_15MNv9ZSDT_XUw6_11OO_9fUD3_XVJA_3RpV_91b1__enJd_21eSf9eRzX_Tzgm_1I2IP9RLhr_TiUR_2A8JP96Vkb_iW9e_3BUP_9gPSf_WjAY_14qFf9iLxT_aDMT_3dFIv98SCD_mGU2_55lOP-eaTP_oGY0_6JnL_-wbzX_wYBI_8GASP_Hjln_y5Zu_8mYd__MmYT_w5WF_8CShf-7h3n_rHRj_5NbRP-BRzH_fUAt_3Y8Jv-LRzL_kFEy_6FkRf-ud1D_v4Vd_8aVbP_bpob_0Zx6_8mVff_DjHj_t4Jy_7B8b_-1iHX_uY2C_8OTif_Cl4T_xpiI_8acg__MnoT_0KWD_9Cjgv_QooD_1KaE_9OnhP_Oo4H_2qeS_8iOdv-gY07_pm9a_72Je_-1jHr_oIZ3_4qBcP-HfnX_koyA_4uDeP-HgXX_h4F1_3x-af-Cf3D_e3hp_4F7bf-AfnH_fHpt_4J_cP9_fW7_gX9z_4KAdP-ChXT_eHlr_1dBKv9eSDP_XUwy_1xIMP9dSzP_Y1JC_19TO_9hVEH_XVE7_15SPP9fVED_e29h_3dvWP9lVED_Uj8u_1I9KP9VOyT_SysU_0glD_9eOCP_eFFC_3xcRf9kQCr_WzIW_2s4Gf97RyD_nmg8_656SP-8kF__zKRz_8ygcf_JmWj_uodS_6lyOf-maDX_uH1D_757R_-2d0T_u35S_7qCYf_Ck3n_x5iI_8eXjf-_jof_uIZ__7B7bf-ZYVL_jVRB_4JJNf-BRS3_fkAn_41POP-hZUn_qXBS_7B7Wf-1fl__un1h_7B4X_-yd2X_qHNl_6d2aP-wf3j_sop-_7yRiP_Ck4n_xpuI_8yehP_QpIf_16uO_9Soi__YrY3_2KeG_9Ggf__Qo3z_1qmM_9Cfgf-2eWT_qnBa_8CJdP-5iHn_roR0_5mCcP-JfGz_jX90_5CGev-Hgm7_gnxu_3-Abv-Eg3H_gn9w_395bf9-f3H_gH5x_4KAc_94eWv_fH9u_4B-cf98fW__gIFz_3t8bv9VPyr_WkQv_15GLv9aRi7_ZEw0_2BLOP9lUD3_X0sz_15MOP9eTjf_aFlE_2peRv94bFT_cGFO_2JNOv9cRi__Ujck_0olEv9MIw__XDAX_3hONv90SC__ajkZ_3pEHv-eazz_t4VU_8aXY__Nom3_xZdj_7qRY_-XbkL_flcw_2s_Gv9rNhb_dEAY_5NUK_-rakL_pWQ8_6ZmQP-weFf_vYh2_8KQif_Aj4v_voyL_8CLh_-4hn__q3Zm_59mVf-SV0X_gkgy_39CLf-ESjb_h0k-_4xUQ_-WXkf_klpD_5VeSf-dYlD_n2da_6dtaf-tenb_uIWB_7uOiP_FmpP_x5uQ_86hjv_NpYz_zqeK_9mtkv_YsZT_3LGO_9Gjgf_VqoD_0qSC_8-ig__Rm4H_xY55_7iEbv_MlIX_uol6_6uCbv-Uemv_hnpq_42Edf-DfGz_hoFu_4B7aP9-eGj_gX5v_4J_cP-EgnP_f31w_317bv9_fmz_fHtp_3x6bf-Bf3L_fX5w_3Z3af9-fG__Uz0o_1pBLf9bRTD_XEYu_1tFLv9jTTb_Y083_2NPNP9hTTX_Xkoy_2FTOf9tXkf_fGtX_4JxV_9mUTz_YUg0_08zJf9FIg7_PRQA_1svFv92SDD_bzob_3U_E_-WXi__uYxT_8SPW__On2f_w4xW_5ZnMf-Qbj7_m35U_4pnS_9NJxT_RRoH_1QiC_9qMxX_iU0p_5ZXNP-YXjn_qXBT_7CAbP--hof_uYeI_7qKiv_Bi4n_tIJ5_697bv-yem3_sXpm_6ZzXv-hZ1n_l2RT_5dhV_-balz_ml9Z_5hnVv-lbWD_nm1c_6t3bP-xgnz_tYeH_7-Okf_Dk5H_yJyT_8uckv_Poo3_1KeU_9Krjv_Wr5D_2rOW_96xkP_Wq4j_z6h__9Kgff_Jnnv_0pyA_82Zg__LmIX_ypeG_76KfP-0inr_m4Fy_4N0Yf-Edmn_gHpq_4R9a_9-eGr_gXxp_4aEb_94dGj_f4Fr_4B_a_95fGf_e35p_359af98em3_fHtm_3t5bP94fG3_gHxw_1U8KP9bQi7_W0Uu_1hCK_9eSDH_ZE42_1tKLv9gTzX_YUsz_2RQN_9jTzb_alpA_3llTP94Z03_a1U9_19EM_9SNiH_QBoH_0UdA_9jNx7_fVAz_3A-Gf-FUBz_wINN_8aSWP_SmWT_oGkz_4hUIv-ykln_wLN-_7qyhP9-X0P_SSMQ_0gZCf9PHAf_WyUN_2oyEf-ARCD_kVUx_6ZvUf-vf2v_toWB_72Mj_--jI__vomF_7J9df-se23_sX5t_7F5av-1fW7_rn1u_7F8bv-ve27_r312_7SBff-wgXv_tIV7_7mKgP-6ioD_vY2J_8CXlf_Gmpn_xZyW_8makP_MnYv_z6KP_8yiiv_Pqo3_17CP_9ixkP_Zroz_16uI_8ugdv_Vo4L_zJx2_82Vev_Ll3__yJJ6_8iVgP_JmYP_wJqF_6OHef-Le2v_jH5z_46Ccv-DfGr_fXZm_4R8b_9-e2j_fXhl_3t-af93dmL_e3pm_3l4ZP95emj_e3lq_359aP96eGv_eHxt_3l6bP9OOCD_VT0l_15FL_9WQSb_WEct_11MMv9eTTP_YEw0_19ONP9iTjX_YEwx_2tYOv9wX0P_d2VN_2tSPP9aQCn_TS0Y_0EbBv9EGgH_YzUb_4RYO_-BTyz_lVwn_72FTP_LkFT_sXI8_41QIf-1iVj_0L2S_8K-j_-0sIP_lYBV_3hQNv9hMRr_YjAZ_4JPMv-BTCr_hlAu_45WM_-daEj_rHtq_7SFf__BlZT_u4uL_7aEff-1hXv_sYBx_659b_-0g3L_uol6_8KIfP-9iHj_wpJ7_8WRhP_Aj37_w5OJ_8WXiv_Lm5H_yJmP_8makv_InpL_zqaa_82lmf_Ro5P_0KWS_9Gliv_SqY3_1qqN_9Osjf_ZspP_2rOM_86mgv_SoYD_z597_82ffv_FknP_yJB1_8mTd__HlXr_x5eA_8CbiP-rkH__kH5q_5GBcv-Tg3T_jHxt_4R9bf96dGT_fHdk_4B7aP-JhWz_gHpq_3p0ZP91cl__enVi_3p8Zv93dmT_e3hn_395a_9-eGz_Vjsm_1tDK_9eRi7_XkYs_1VBJv9fSzL_X0sy_1ZFK_9hTTT_X0sw_2RKMf9oUzj_alU6_29aRf9yWUP_XD8v_0wsF_9FHwz_RBYA_2g-Jf-JW0P_g1Eu_59iM__JjVn_x4hS_5hVKv-KRxr_qnJD_76aZv_Hs3j_zrSB_66JVf-XaDz_kl43_5tlQ_-VXj__hlEy_4pXOP-aXkL_q3Nc_7N7bP-xgHn_xJiZ_7iKiv-zg3__soJ4_7qKgP-5hXj_uId4_7yGev--hnf_wYp1_8SSd__On4H_yJp5_86bhv_JmIf_0JyO_8uciv_QoZH_0qSV_9Kmm__TqJX_0qSU_9Gliv_Tp4r_1KuP_9mykf_ctZb_2bOO_9y1jv_TqIX_0aB__9Ckgf_KmXn_xpRz_8aUc__Pmnv_x5h6_8eYfv_EmYb_ro97_5B9bP-ThG__mIt7_41_dP-Demv_gXlm_4J7af-CemX_gXpo_394Zv-FgG3_gHto_399aP-CfWf_fXVo_3p3aP99eW3_fXdr_1U9Jf9aQij_XkYq_19HLf9bQSj_W0Yp_2BLLP9aRSb_alI6_2JIL_9nTTb_alA5_25WPv9wXET_gmhX_4BjU_9rSzT_TykW_0sdBv9eMBj_iVs6_45ZMf-pbTn_v4JT_8CHUv-oXzL_kk4h_5JPIv-fZi__uIFI_7WIRf-3gEf_2qVv_8aIYf-1d1L_mV5A_5plRv-YYEX_p29W_7d-a_-yf2z_toV-_8WbnP_Bl5j_uIiG_7WEff-2hX7_uoh9_8OJfv-4g3X_vXx2_7FyYP-8e2f_xotr_8mRcP_Nlnf_zZSB_8yYgP_OnIP_0qSK_9aokf_YqZf_0aKO_9SmjP_YqpD_2KyH_9utjP_atI3_2rSQ_9Sxi__ZsY3_16yJ_9CmgP_QnX7_zZ15_9Gcff_ImX3_0aSH_86lif_PoZH_vZiI_6mFdf-OfGb_jXpp_5qOgP-KfnD_iXtu_4N3Z_-Ec2n_gHRo_3l0YP-FfWr_enhh_4F1Zf99eGL_gnZm_3dyX_9-dmn_gHpu_3x0af9WOiL_Vz0k_1pBIv9fQiT_XUEp_2RLLf9jSC3_aFEx_21SN_9sUTT_clM-_3FZQf94X0H_h2ZH_6Z4YP-ndVz_glY7_2EzHP9QJAn_ZjgX_5dmPf-cZDX_om41_8KGUv-3fET_rG03_6FdLP-ubkD_wolU_9mla__hsXP_26po_9efZv_CgVn_s3NP_7FxVf-vdln_qHFT_7B4X_-ye2f_sHtr_7SDfP_Bk5P_xZuc_8GRjf-6iYL_tod__7iIfP-9hHv_uoF4_7d5bP-wbVr_tXBT_7tyT__Af1n_zo5q_9WYef_UpHb_1aB4_9inf__drYn_37GN_9yvkP_br4r_4bWS_9-0kf_ito__1a6D_9mzjv_ZtpD_2rSP_9ariP_SpID_0J9__9Cbe__KmHf_wpFx_8aagf_MppH_uJV__6iIcf-afmn_iXRf_418bP-glIb_i4Bu_4R1Yv-DeGb_hHVg_4d5bP-De2j_fXZk_352Yf-Cdmb_fnZj_4Z4a_-Cdmb_hn1u_4R8cf-BeW7_WDwm_2FHLP9oSy3_a04w_2tNM_9vUTn_elxA_3hbPf96XET_a0ww_3JSPf9tTTT_bE4q_39TLP-obUX_t3ZQ_6tvS_-FUjf_WScM_2M1Ef-LWjH_nWs6_6dvPv-3ek3_t3tJ_6ttPv-oajf_u31O_76EUv_OmWP_06Bp_82cZP-7hlT_tXVP_7FwUv-rbk__qXBT_7B7XP-veFr_uYNp_7WAbv-1hXv_uY6I_8KZlf_DlpP_vYyH_7mHgP-4hn3_wIqA_7mEdP-yd2f_t3Zi_7p3XP-4bU7_wXlT_8aCVf_Hilv_1J9t_96vd__hr3r_5riG_-S1i__csYT_3rOI_9uyhP_guo3_4ryP_9u1hv_duIz_3LmP_9izif_UrIj_06GA_9Cffv_Qnn3_y5l4_72Ma_-Sa07_h2hM_4tzWf-Odl7_inVa_4p6Y_-Lemj_q5-P_4B4Y_-EdWL_gnNe_4FyX_-FdmP_fnNh_311Yv-AdWP_gndj_4h4aP-DdmP_hXVm_4F6aP-Be2v_gHht_19DLf90VD__c1c__2tNM_9pUDL_a001_2lLL_9tTzP_bEw1_21KNP9uSzX_c1A6_3pRNf-ETy__oVcy_7tuRP-vZz__m1w9_3RCIf9eJwn_g08o_5llPf-lZkP_tnpV_7Z4Uf-wckv_sXZO_8SGYf_Ehl3_wYtf_7mEWP-1hFn_sn9U_7BzV_-nZ07_s3lj_7iDZP-3hWT_vYho_7qEbP-0gGr_sYBy_7-QiP-_lpD_v46K_76Nhv-7i4H_wo2F_8SPgf-9iXv_vINy_7Z8ZP--fV__uHNS_8F7V_-_dlP_w4NV_8eOV__dp2v_3K5y_-i9hv_luoP_5ruE_-K7hP_etYH_4rqG_-G8iP_iuof_4LeJ_964i__asIr_0qeE_9Oigf_MnHj_xpp3_8yaef-5jmv_nX5h_4ZvT_-FdFr_gnRZ_4ByV_-Cc17_iHlk_6ukkv-RhHH_hHVi_39zXf9-b1r_gHFe_3x1Yv-CcV__gnNg_3xuYf95bV3_fnBj_35wZf9-eGj_gntr_4F6av9PLxj_YD0p_2VCLv9kQin_YUIt_2E_Jv9hRS3_Y0cv_2lGMP9pRyv_aEgv_21LMv93TTT_f00q_59aMP-zaTz_rF8z_5pVNP-JSif_cTYW_3g8GP-RUjP_qWpJ_69yVf-5elv_sHFS_7l5Xf-5gWD_wots_7p_Yf-ueVf_qXdW_654XP-qdmH_sXli_7h-av_Ci3b_yZJ0_8OObv-7f2f_tH1p_7mEdP_CkIX_wYyE_7-Lfv--in__vI19_8aTgv_MmYT_0JqA_9Obgv_LmHn_0J1-_9Oefv_JjWv_u3tV_8J7T__Afkr_0ZVf_9ala__fsnn_471-_-a8gP_lv37_57qB_-W6g__hs4L_5beF_-S8if_dsof_1KiD_9isif_PoX__zp18_8qcev_KmXj_wI5z_6mGav-Qclr_i3Zb_4l4Xv-DdFf_hHZc_4yAcP-poJH_into_39uXP-BcFz_hHZc_4l6Y_9_cl__hXVl_4J1Zf98c2T_dW9h_39zY_-BdmT_e3Jj_4F5Zv-EeWf_SCUR_2I_K_9pRyz_Y0Aq_19DK_9hQib_akw0_2lLM_9oRS__aEks_2xKL_9yTzP_eE41_4FPLP-QVS3_pmI9_6RdMf-SSCP_lE4s_4JAHv-IRCH_j08s_55jRf-xclP_snJW_7h4XP-5fGD_tXxf_7mDaf-4gmj_t4Nr_7OBaP-0gmn_sH1q_8OMeP_OkX7_zpJ4_8uPdf_IjHD_vHxg_7d5ZP-6fG3_yJF9_8WOev_NlID_yZd8_82egv_Rn37_0Jl6_9OefP_Vnn__16KD_92oiP_hrI3_z5R0_7x-V__BflP_wH5O_8eJWP_Lk2D_0qBr_9ysbv_gs3D_3LBz_9u0c__itXr_37aA_-S2hP_hton_3bKH_9aqg__RqYX_yJ17_8qce__KmXj_zZx7_8OUdv-4iXX_poNv_45wWP-IcFj_h3hh_3xtVv-OgnL_ubKi_5CBbP-AcFf_f3BZ_4FzWf-HeV__g3Rf_31wYP-Ad2b_enRm_3p0Zv98dGf_d3Fj_35zYf96cl__e3Jh_00qFv9fPyr_YD0n_2NBJf9gQCf_Y0Up_2ZGLf9kSi__aEoy_2lGMP9tTTT_cU4y_31VO_91Sif_glIu_55pSv-jZ0L_l0ws_5VMLP-ZUDD_lVMz_51YOf-dXzr_pWZH_7JzUv-zelz_tHte_7Z8Zv-5hW__w4t6_8aTgv-5hXf_s4lz_8uXgv_Kknn_1pZ7_8-Qcf_RknH_zJFn_79_XP-7dlX_vHtd_8WMbv_Mkm3_1Zxx_9Ohbv_WpHP_2q10_9-ref_cp3X_1Zpy_9uef__QinD_qm1R_7BvWf-sdFP_qm9P_6t2Vv-9fl3_uX1Y_7l_Wf_AjVj_yplh_82bZv_SoG3_0aZv_92wef_csoD_3bKH_9Wrhf_XrIn_0KWC_8icd__LmYD_y517_8yXd__ClXT_uo12_6aDb_-Pb1j_jXdg_4l0Y_-EdF3_kX5t_7qynf-Qf2v_gXZa_4Z1Yf-AdVn_hXZh_4Z3Yv-Dc2T_fnZp_3l1af98dWv_eXBn_3p3aP9_eW3_eXNn_3t1af9HJBD_Wjcj_2RCKf9mQy3_X0Ep_2dPLf9fRCn_YEkq_2RJLv9lSzD_bU00_29MMP9tSCv_c1Ay_3VQNf-OYkn_jFo5_5BNMP-PSCj_lU4y_55YPv-bVjX_k1cy_6hoRf-0eFP_t3pb_7d8Xv-5fGf_vINy_8ePfv_BjHz_wo9-_8GRe__BinX_y412_8uKbP_Tk2__15Zu_8-SY__Fglj_unZP_8aJXf_TnW7_2KZz_-Owe__jsXb_6rp4_-q9ef_tvIH_36ds_8yOX_-jYz__hU81_4hVQP-HWEj_hFlG_4xYSv-NXUf_kl9K_4tcQv-AUTP_g1Ux_5lqQP-vf1H_u4Za_8qbZ__Vo3L_0qN3_9Knff_VqYT_16yJ_9Sjgv_Jm3f_0J6D_86dff_HmXj_wJRx_76Sd_-tiHX_mXpl_4xxXP-OcWP_hXNf_5eGcv-4qZT_jH1m_3xtVv96alP_g3Vb_4N0Xf9_c13_gG9f_4J2aP-Bc2r_fXFl_4J3cf97d2z_eXJo_393av95cGf_TCcU_1k5IP9oRiv_YEAr_2JDLv9bRCL_YEYt_2JILf9oTjX_Ykou_2hIL_9wTzD_clA0_3BOMv9wTjL_iGVJ_4FYOP99SCj_iUor_5FML_-UTjT_iUkl_41PKv-iY0D_rm5L_7F0Vf-5fl7_woVo_8KIcv_DiXP_ypGA_8uSfv_Iknj_yo50_86Ncf_QlW3_0JNm_9iaaf_Oklz_yopc_8qKXP_UmGT_2KNt_9yobv_msnj_67h3__LBfP_twXr_57V4_8-ZXf--iFr_kl0-_3dKNf90Sjr_aEI1_2Q8Mv9sRDj_YTwp_1YyHP9ZMBr_XTgd_2hBJP9pQCD_ekwo_4xbM_-caT7_uIde_8OWbP_GmnP_yp53_9Sohf_SpIL_z516_8-aeP_Lmnn_yJV2_7-RcP_CmXn_tpF2_6KCaf-NbVb_jXJh_498a_-PgG3_t6iT_4Z2X_-AcFn_gXJd_39wXf-Cc2D_f25e_31tXf-DdmX_h3do_35tY_-Fcmv_fnZp_3tya_95dWr_fHVt_00qFv9cOh7_ZkQr_2ZDL_9gQSz_W0Ai_2NKLP9jSiv_ZEss_19FLP9tTzf_bUsv_21KLv9vTTH_cE4y_4ZjRf-EWz3_gEsr_3xFJv-LSy__iU0r_4dJJP-PTSr_n1o5_6doRf-yclb_uHte_718Xv_Dhmr_xIhu_8aNcv_FjHH_w4ps_8KKZf_UmHP_1phx_9mbbP_UlmX_y4xZ_82PYP_VmGn_2pxp_9KSVf_CgUH_0pJU_9qjYP_isWz_3bVt_9epa__Wnmv_sntS_3dHMP9pOir_aT4u_18zKP9VKRz_Uykd_0soFP9KJRL_TyoX_1QxG_9UMhn_XjYc_2U9Gf91Sif_hVov_6BvR_-5iGD_vo5q_8iaeP_QoHz_0aB__9ahf__RnHr_y5l2_8SSd_-9j23_wJJx_72Scv-3knf_nH1o_49zXv-Gclr_jn1r_7Sokv-OfGb_gnJZ_4VzXf-Ablr_gnFd_3xuY_9_bmb_fXFl_4N1bP-Hdm__h3Zu_3pyZf-Ad3D_f3ds_3pza_9cOh7_XDsc_19AI_9lQyr_Yj8p_2FFLf9jQCr_Z0gr_2RCJ_9mRi3_a0ku_2xILv9vRy3_cU0t_25MKf9-Vjz_h15C_3hKKP-BUzH_hVAu_4NKLP-FRif_jk4r_59WNv-sZD7_sm1M_7t7V_-3dVX_woFl_8GAZP_Ch2n_x4dr_8qPZf_QlG__15xy_9qfc__Zm2z_3Jpq_8aAT__FgFb_xYde_8mGW_-2ckP_nFYi_6diK_-8gUf_wY9U_8WYXf-4iVX_pHNI_4JLNv9nNyP_YCwe_1wrHP9hLR__Wi8c_1osHP9TLxn_Ui8b_1c0IP9PLBj_VTYa_1YuFP9YNBL_cEQh_3lPKf-SZj__rXtY_7N_Wv-5hWD_w49o_86adf_Pnnb_0Jx3_8qcev_Flnr_v5B0_8GQb_-8kXH_uIxx_6-Mdv-UdWH_iHRb_4NwYf-1pJT_mYZ1_4JwXP-Cb17_hHRk_4ZzZf98cGL_enBu_3N2b_91e3v_eXp8_355ff96enj_dnVz_3p5df95c3P_Wzkd_2JDJv9jQCT_Xjwg_2A-Iv9pRy7_ZkQp_2tJLf9qSC3_bEou_2pGMP9wSzD_c0sx_3RNLP9ySyr_glpA_39aPf91SS7_dEYs_4FTMv-DTi7_hUos_4hIJf-USSr_olMy_7JnR_-6dlP_voBb_719Wv_FhWH_xYNg_8yOZ__Ulm3_0JNm_92hb__eoHH_2ZZp_9CJXf-_e07_uXBP_61xTf-naUT_lFg0_4VGI_-BSyf_h1Yt_4paNP95TyX_ekko_3lDJ_9uNSH_aDIa_14qFf9oLhr_fT4s_5JeSP-YaFH_kmlV_4lbS_91Rzf_UyoY_00iD_9YMBb_YTUY_2k7Gv95Syn_kmZD_6N4Vf-fckv_q3dQ_72IaP_KnHv_zpx3_8-ae__HmXj_w5N8_8GPeP_Ck3n_wI9x_7uPdv-0j3X_oX5q_5B3Yf-PeGj_sqCS_5-Kef-Dblv_eGVX_31qXP9_bGX_fXJu_3Z1ev9_jJT_hZ-s_46nu_-iscj_j5ur_3yEl_96g5L_enyR_2ZDJf9yUTD_Y0Qn_108Hf9iPyH_YEMl_2tIKv9rTC__bUos_2xKL_9sSDL_bUgr_3RMMv9ySy7_c0oq_3lRN_96VTr_dU0z_3BLLv94TS3_fFEv_4FKK_-GSSr_ol08_6RgPf-tZEH_tnRR_7h2U_-7d1L_xYRe_9CPZ__TlGv_15tp_9aZav_Zomn_3KBs_8iIWv_Kh1z_uHdP_7F2Vv-jcFH_kltG_4pSOf98RCv_ckMn_2s8Hv9rOhz_YjQc_1siDv9WHQn_aSkN_3s6HP-WWT3_rG9S_7l9Y_-3fmr_n2xX_4RMPf9nMyX_WSYR_2Y0G_90Qin_ekgt_4ZYNv-RXD3_f00o_4pbPf-VaUb_lmVE_5xoQ_-0f1__yZt5_8yceP_LmXb_wpRz_76Od_--jnf_votw_8STc_-2iG7_s4pu_6yIcv-beGT_knVl_5Z8b_-Xe23_jHlo_4NsZP-IdW7_i3l5_3x0f_9fYXj_VmuI_4itx_-dwN7_rs3s_7DQ6f-xyuj_rMbn_63B4v9jQR7_b04r_2xKJ_9hQiX_YT8j_2E_I_9lRin_ZkMl_2lFK_9pRir_a0kw_29KMP9wSC7_dk8w_3FKK_92UzP_f1o9_3RQMP9uTCn_ck8v_3pPL_9_TSz_lFw7_6plRP-tZ0X_q2I__69mQ_-0c0n_wXpQ_757UP_Pj1__zZBh_86XYf_ZoGv_05xj_9mcZf_FiFn_vHxW_6x4U_-baEv_iFxD_4hUP_94RC7_dD4m_203Hf9qMRT_bjMT_282G_9vLhj_ejgY_4hBJf-xZ0z_v3xh_7hyWP-wb1n_gT8v_2kqG_9iJRP_bzEi_3hFKv-BSTD_kl9C_5pnSv-Zak7_pG9Q_5loR_-OXEH_hVg5_5JiPv-UYDv_rHxY_8OXdP_HmXX_x5Vy_7-RcP-_knv_vIx1_7-Ncv_Bi2__vYxu_7GCaP-sgXD_mHNg_4tnW_-BY1v_hmhd_4lxZf-EcGf_jXpz_4R1fP9xcX3_ZWyI_1p0l_90nsT_m8Lt_6LD-P-ayOz_mMPt_5XB6P-Xvun_YDwc_29NKv9zTCv_b0wu_2hHJP9iQyb_akcr_2lGKv9xSS__cksu_3FMMf9nQiX_cE8w_3VOLf9zTCv_dU4x_4BbQP9_Vz7_cUwv_3FJL_94TDH_e0ko_5FcOv-hXDv_qV43_6xcN_-mXTL_sGk9_7VsQf_HgFL_yIlT_8aKVv_Nm2D_zZZd_8-XWv_Ul2D_woVY_7N2V_-kclH_hFQ9_25AJv9rNR3_bzYY_35BJP92Nxj_hT8d_41EI_-oYj7_vHVZ_792Vf-8cVH_um9S_7FqTv-fWEL_byoa_3AuGP98OCv_hkgz_4tRPf-UWkT_pnFS_655Wv-te2L_qX1g_7KEbf-kdVn_jFpB_31SMv-FVzb_i1o5_6V4T_-5jmv_w5Nv_8GPbv-5iGr_u492_72Pd__AkXX_v41y_7uJcP-xfWX_qnpm_5ttXv-NYFr_gFpR_4NbWf98Xlb_hGhk_4RsbP9-aXD_cnN4_2d0hf9bfJv_gK7Q_5G-5_-gxfr_lcLs_4u35P-LuOL_jrfr_2M8Hf9pRib_bEkp_21GJf9nRif_Zkcq_29KL_9pRCn_cEgu_29IK_94UDb_c0wv_3BJLP97VTH_eVMu_3hVNf-GX0L_elc3_3FJL_95UTf_dE0w_3tKKf-TXTn_o1sz_69iNv-3akD_s2k8_7ZtQP-8ckH_xXxJ_8eKUf_RlVn_1p5l_9qfZ__Wm2H_y5Re_7aBWf-XYUX_dkct_1onEv9cLRH_ZywO_3k5Ff-KSyD_q289_7d3Sf_HhFn_xINd_8F8W__Ae1r_uW9W_7dsV_-VTDv_eDUi_4M7LP-HRDH_l09A_5lbRv-gZEz_qHFT_696W_-2gGT_t4Vu_7aIcP-0iG__n3RU_4ZZOv90SSn_eE0r_5VpRv-pfVr_uIts_8GTb__ClXT_vItt_7mNdP--lHv_wJN2_8COdf-8inH_sX9m_6R2Z_-fcWT_j2Ba_3pSUP9-VlT_fFZV_4JfY_93X1__fmdx_21qc_9aYXP_WnmW_3miwv-Ou-T_jbjl_4675f-DrNj_hK_c_5O-6_9cORn_bkgk_2hEJP9pRSH_akcp_2pHJ_9wSy7_cEws_3ZRNP94UTT_fFQ6_3NLMf93UDH_eVIx_3ZSLv99Wjr_g15B_35XOv90TDL_d081_3hML_93TCn_jFgx_59fOf-gXzX_tXBH_7t3UP-6dkn_uG49_8J7R__LiUz_z5NV_9qgYf_Tll__2aJs_8KNYf-bcUv_dkwz_1wwFf9VIwr_WCUG_3M3Ff-SUyr_voNX_8qNYP_Df1j_tXFK_6tkRv-bTzf_jEEq_38zI_98LiH_iDot_5ZIO_-YSj3_nlM8_6RfQv-oaEz_uXhc_7uDYv-3gV3_vYho_7mIaP-3iW__soZr_51xVP-RY0n_gVU4_3JNMv92UTb_iV1A_6p9XP-zhGj_vItt_7iMZ__Aknj_vY91_8GTef-8jnT_uIZr_62BZv-leGX_mmxf_4xhWv9-WFf_flZW_4JcW_95WV7_fmFj_3pmcf9kXmr_YWWA_2iGov-KsdL_j7nj_5C25_-KsOH_hrDi_3-q3f97ptv_Xz4d_2hFJ_9pRSP_aEYj_2ZFJP9mRST_aEcm_2tJJv9uRiz_eFA2_3dQM_95UjP_e1Qz_3lTL_95Uy__fls7_4ZjQ_90UDD_c0wv_3JLLP95Ti7_fFIs_4hUL_-ZYjv_oGlA_610V_-tclT_pWNA_6BcLf-3dED_xoFG_86UVf_XnV3_255o_9GZZv-8iVr_jGI8_2Q7Hf9WJQf_WSQE_3xGIv-cXjn_sHNH_7Z0Uf-gWzz_kkox_3EpEP91KBj_fC8d_45BMf-ORTL_lUkx_6VTPv-pW0f_o1tD_69qTf-2eFP_wYNe_7l9WP-zeVH_uYRa_72IZv-4imb_q4Bd_6N8W_-ed1b_hlxD_3ZONf97WDz_cEgu_3NIJv-Wa0n_sINi_7qMav-3imn_t4pt_8GTef_AlHn_vY12_7CAaf-vfWb_p3xp_6N0av-PYl3_glxZ_39XV_99WVn_dVha_3pdYv9wXmr_ZV9t_1lkeP9riaX_iq7S_4u24P-OueT_irPn_4a05f-HsOb_g6_g_1o5Gv9mRCH_bkgk_2xFKP9wSSr_akIo_29HLf9ySjD_c0sx_3ZONP9wSSz_cEkq_3ZQLP9yTyn_eVUx_4BdPf-LZUH_eFAt_3RJKf92Si3_elIv_3lOK_-AUjD_g1Mv_31TLf-HWjn_h1k1_4NPKv-ZVS7_pmMv_7x5Qv_HiUz_0ZpZ_9ibZP_Rk2L_t39Q_6BsRP9vQR3_YzMN_3hEHP-KUyz_iUop_304F_95NBf_cCoQ_3YsE_-DOCH_jj0q_59RO_-kVzv_rVxB_65kQf-va0T_s3NP_7p_V_-_hV__yYtm_7R5Uf-dYDH_nGI6_7eDW_--km3_vZNt_62Gaf-hgGH_km9T_4JgRf93Uz3_bUo2_2ZCKP9tSyj_gFUz_6d5WP-0iWf_tYdm_72LcP-_jXL_v5B2_7mFb_-zf2n_rnxl_6N2Y_-bb2b_iFxZ_39XV_95VlT_fV5c_3daXP93WWH_cF9p_2dfbv9ma4H_c5ex_4iw0_-MuN__hLjf_4Cz4v-HtN3_jrvl_4y35P9nQB__akYi_2xFKP9qPiX_aUIl_29IK_9qQij_ckow_3NLMf92TjT_c0wt_3NNKP92UCz_dFEr_3pYMv-CXjr_j2hB_39UMf93TCz_cEQn_3hNKv9_UzD_fVEs_4NXNP9_VzP_fVIv_35TMP-HWjP_hk8m_51aLf-ybTb_v31D_8yRT__TmVn_zpNb_7Z-S_-XZDn_cz4c_2g7Ev96Rh7_fEke_4lJJf99Oxj_gD4b_4I-G_-JRSL_kEUm_6FXMv-vXkD_s2dF_7lvSP-5d0f_uX9N_8qYZ__NmWn_unxX_5BUL_-RViz_mGE6_618U_-8jGj_wZNx_7eJb_-igGT_nHhi_4lrU_9-X0r_b1M9_2NKNv9bOSD_bEQq_3NML_-TaEX_sINi_7WNaf-7iW7_vox1_8OKdv--h3L_uIFs_6h5X_-ic2H_k2Jb_4paWP-DW1v_gVta_3lZWv92WFr_dV9h_3hfcv9jWm__a2-M_3ebv_-Fsdj_hrbc_4Oz2_95rdT_hrPc_4y84v-KteL_bjka_3tKLP90SSn_bkIl_2hGI_9nQCH_bEQq_29LKf9zTy3_b00q_3dNNP93VC7_c1Ip_3RULf96WDL_hmA8_45jQP9_VDH_dUks_3VKKP97UC3_ek4r_3tPKv97USv_elUo_3lPJ_98Vi__eU8n_4NOJv-LTh__oWEx_7x7Rf_DhUj_zZFV_92iaP-7gk3_lGAw_35NJP97SB3_fEke_31KFf-XWCz_n18x_59fMf-jXDD_o1ot_65hNf-2bj7_unFG_8CAUP_Nj2D_zJVf_82VZv-ZYjn_fUMe_4JGIf-ISiX_nWc7_6x0T_-3g17_wY9u_7WGaP-sgmz_n3xo_5JxYP93Wkj_dVpJ_19KL_9WPCX_Vjsg_1g2Gv9zTC__j2RB_6t-X_-3i2j_vIlq_7iDZP-8hmz_t4Rn_615Y_-ldlz_n3Be_5RjXP-SX2T_g1tb_4BaV_95WVr_fmBi_3BZYf92ZXX_ZmR6_259nv-Dqc3_ia7Y_4eu2f-Drtn_fKzU_4ax2_-NuuP_jbrj_4dJIv-OXTX_fE8w_2tHJ_9sRiL_aUck_2pGJv9qRib_bEgo_3FKK_9xSin_dU8r_3dWLf92Uy3_e1kz_4ZmPf-FYjz_e1Er_3ZOK_99UjD_d08s_3ZOKv93Syj_eU0q_39VLf99Uyv_elUr_3lUKv-AUSX_hlIj_5JVJv-fYTD_t3pD_8SMUf_KjFn_wIJR_5xmN_-JWSv_g08f_4RMHf-TXS7_qmo8_7pzR_-3cEL_u3RI_7t4Q__Be0f_vHZC_8eET__Agk__s3lJ_5RXKv-ESiT_eT4e_201Ev94RB3_hlMo_6RxRv-pdlf_sYJk_7OBZv-lfmH_lnhg_4xsXf9yVUP_c1NE_2hON_9fRy__VT8n_1Q5Hv9ZOBn_aUAi_4ZbO_-tgVz_u4tn_8CLaf-9i2r_u4hp_7uFaf-ve2P_pHRe_5htXP-YZ2L_jmFe_4RcXP-DYF7_d1pc_3heX_-CaHH_dWVy_2Vrgf-Ak73_iavR_5Cz2_-Or9z_iLLc_4Ou2P-Kt97_hLHa_4u44f-cWS__mGE4_4BUL_9nPiD_Zz4g_21GKf9oRCT_aEQk_3BJKv9ySSn_cEwq_21KJP92Uy3_e1gw_3hSLf97WjH_hWI6_3xVLv96Ui7_dEkn_3JPKf90SSn_eU4r_3dQKf96VSv_d1An_3ZQK_96VzH_gFYu_39SKP-FVCn_ilcq_5xnM_-6fkr_x4pU_8mLWv-bYzT_hE8j_4ZUI_-FTyH_kFYo_7ByQ_-8eEv_unpO_7x3Tf--ekv_wX1O_7dwQv-3bz3_pGEs_4tUHv-ASx__fkoj_3dDHv9sOhX_e0cf_4paNP-YbEX_mm5T_5VvWv-Sb1n_h2hT_3ZeRv9tW0P_aVJC_2NNNf9YPif_Ujoi_0gyGv9NLg__YTkV_3NJI_-OXTz_uY1q_76QbP_Ajmn_vohm_7mIZ_-vfWL_qnhf_6FyYP-cbmH_lWZc_41dWf-JXVz_f1xa_3xfYf-CaGf_f2t0_3Jkc_91eZL_hKTK_4epzv-OrtX_ibPd_4Ww2v-Itdz_kLjc_5G74f-ItNv_nlcr_5leNv9-VjL_bkUn_29BJ_9pQCL_aEUl_2pIJf9wRCf_ckYr_3ZLK_94TS3_c08v_3NNJv97VDP_flg0_4NeNP-CVjP_e04t_3lOLv94TS3_elM0_3pUL_98US7_e1Ys_31TK_98WTP_e1Yq_35XLP9-VC7_gFUq_4ZVLP-SXiz_qmw7_7d2Pv_GiVP_rHA-_4NOIv-FVCn_gVAl_39LG_-eYDv_rW5C_7V4TP-7e0__vnxM_799Tf-3d0n_sXFB_6NrOP-jaj__mmM8_4hULf98SyL_h1Ms_5FcOv-Za0f_nndQ_5ZpUv-LZU7_g2BK_3NZQP9rUzf_W0cs_2ZNN_9SQCj_Uzgl_1c9Jv9OLxr_TCkL_2M1E_-DTyj_nm9F_7yHZ_-9jmT_vodo_7yHZf-6jGv_s4Fm_699ZP-icl7_nW9f_5NnXP-JWVX_iV1a_4VfXv98Y1__f2Zs_3dqcf95c3__e4-o_4Ojyv-Lqc__kbLV_4Wv1_9_qtT_ibTW_4212f-RvN__kbjh_5hPJv-UWjT_f1Mw_2s_Iv9nOR__Zz4g_2hEJP9jPx3_bkMj_3JHJ_92Syv_eU0q_3dLLv9zSyj_e1cz_3xWMv9-XjX_f1Mw_3xQK_93Syj_ckYp_3JMKP93USz_fVcy_3RPJf92TCT_elAo_35bMf97VS7_f1gx_39aMP-DVzD_jVgu_5teL_-laTP_v4JM_72DUf-haDv_kmI0_4JOJ_9zQxv_e0cf_49ZKv-cZzX_snpL_69yRf-0ekr_tXtJ_7J8UP-wfFT_rHdV_5diQv-PWTf_gk4n_4hUL_-hbEr_qHRN_5xxR_-Sa0r_hWJG_31bP_9uVzf_bFQy_1xIJf9hRy7_XkYs_1I6IP9SOB__VzYX_1gxEP9zRxr_k142_6p2Tv_BkGf_vYhg_72HZf-zgWD_tINj_7F_ZP-semH_oXRh_6BxZ_-YaV__iF1W_4ldXP-IYGD_gWNj_4NsdP9xcHj_cXeN_4GYuP-Kps3_kqvT_5Wu1v-HrdL_i7HW_4-62v-Uv-H_kbra_4-32_-PSCj_h00n_3JPJ_9nQB__Zj4b_146Gv9pQiH_Zj8e_2s_Iv9zRiX_d0op_3lMK_94TSr_fVIv_4FWM_95Vi7_hGE3_3ZQKf92USf_dUon_3JPKf93VC7_dlAr_3VSKv95VCr_elAo_3lWLP93Uij_eFUt_3lWLv-DWDX_gVoz_4RZL_-CUB__kFci_6VxOP-ye0P_sHtH_6ZyQv-KXTT_c0Eg_2s9Gf90RB7_ekYf_5tnP_-gbET_m2dA_61zTf-odE3_qXtZ_6R2VP-fakv_lmE__5ZhP_-cakn_n2pK_6V4Uf-edUn_jmtB_31fOf98Xjz_d1o4_15II_9cRCL_YUQk_2dJLf9bPSP_VDIZ_1AsDP9fNQ3_eEgY_55rPv-7hV__vYlh_72IXv-_iWX_toFf_66AX_-wf2H_qnxi_6F0Yf-Zb2H_kmpe_4xkXP-MYF3_jWdm_4Rnaf97Zmv_d3aG_3-Rp_-Gn73_kKfQ_5eq1P-UrtH_irDU_4uy0_-Wut7_k7nd_5O32f-QtNj_i0Uj_4ZLLf9tRyP_ZEAe_2g_If9oQSD_aEEg_2xGIv9uQyH_eEsq_3NGJf93Syj_d00n_3tVLv98VSr_eVQq_3hXKv99WCz_e1Ep_3RNJv90USn_d1Qu_3FPKf93VCz_elQl_3ZQI_96Uyj_d1An_3tWLP95Uyz_fVk1_4FbNv9-VC7_gVYr_4dYLP-EViT_lWEv_55sN_-kc0j_i1wy_3RJJ_9nPiL_Yjkd_18zGP94Sy7_eE0t_3xTM_-Takr_lGlG_5hwTf-abVD_mWxN_5dpR_-UZkT_oW1I_51sQ_-jckn_nnJD_5JnPP-CYDP_elkw_3NTLP9nTSj_a1Iz_2JHKf9dPiH_XTwd_1UzF_9VKgf_ZDgR_4RQKP-3g1T_vYpf_8OJY_-8h1__volp_7iDY_-zgWD_tIZl_65_Zf-pe2T_nnhl_5BoXP-NaV3_jmlj_4pnZf-Aa2r_eG90_295kv-El7X_l7DP_5Ws1f-Zr9j_kavO_4-z1_-Tt9n_lrjd_5a63v-UuNr_lrjd_4pMJ_-ASyn_bUMq_2tDKf9nPiL_Zj8e_2dAI_9uRyD_aj8d_29DHv9vQx7_cUUi_3lPKf96Uyz_e1Qp_3tWKv97Vir_flIr_3tUKf9wTSf_eFIt_3JPKf92UCv_cUsm_3VLI_97USf_fFUq_31WLf98VS7_elQv_3xUMP-AWDT_iF06_4VaOP-JYjf_hlwy_41dNf-OYTr_jmQ6_41cO_96Ty__a0Ep_1kzHP9eNB7_XzYi_2E9J_9sSDL_YkAl_3dNNP99Wjr_hlhA_4ZaPf-MYUH_lGc-_5NfN_-hcUP_qXRK_6x9R_-ccEH_iGMv_39UKf9yUin_aEwn_2BHKP9sTzH_Wzwf_1cyF_9YNhP_ZzYV_35LIP-kbkL_v4ZZ_76IXP_AhmH_v4pg_7yFZv-2hGH_u4Zn_7iCZv-te2T_pHZf_6N1Zf-VcF3_lG9m_4ppYv-EaGX_dmlw_29teP9-iqT_jZy9_5SwyP-TqtP_k63S_5Ot0v-Sttj_krXV_5m73v-att3_lLbS_5203f-IUjD_dUkm_2lEJ_9fOBv_Yjse_2U-H_9pPSL_aj8c_29EIv9ySCL_dEgl_3JKJv92Sif_flMw_3ZPJv9-VjL_hF4x_31TK_93Uij_elQv_3ROKf9yTCf_dU8q_3hSLf9vTCL_d08r_3lSJ_99Ui__fVIw_35YNP9-VzD_gVYz_4JaNv-GWzj_gV42_4BaM_-HXDr_gl85_4ZeO_-DWDj_ek8v_2Y7Kv9eOyX_UzAd_1gzIf9RLhv_UzAd_08sFv9dOyD_YD4i_2lBJ_90SC3_f1Mu_3xRJP-BVCr_ilwr_51rOP-jeEP_onlD_5JqN_9-WCv_dVIq_29NKv9lSiz_YT8j_2VEI_9VLQr_ZTgR_3hDGf-XXy7_u4NQ_8SMW__BhVP_wYhd_7qDXP--gWL_uYJj_7WAXv-seVr_sH1g_6h6Y_-md2f_lnBd_5dzZ_-McGX_fWxl_3dxdf-Ih5X_mJ-7_5WoyP-Urcv_kajR_4-pzP-Zs9T_kLTU_5K21v-dvNv_nLva_5u20_-ctNb_fkss_3FGJP9hPCH_Yzsh_187G_9jPx__ZTke_2tAHf9wSCX_c0ci_3BEIf93Syj_fVIv_31SL_98VDD_fFUu_4NeNP98Uij_elMs_3hVL_94Ui3_dUon_3FOJv92Tiv_flgx_3lTLv96Ui7_fFIs_35TMf99VzP_eVYu_3xVNv9-WDT_flo2_31aMv-AXTX_hFw4_4VcPv-EWz3_j2BG_4NaPP94Tz3_Yzsz_1g2Kv9RNCb_UjUl_0UlGP9CKBH_TyoX_0wtEf9aMhj_Yz4h_3FFIv9uQxb_dUwe_4VXJv-OYCz_mGo2_5x2Rf-TbkH_e1ks_3hSLf9sSSv_YkAd_14xEv9YLgj_Yi4G_39HFv-tcDr_xYdW_8uPW__MkF7_xIdY_8GIXf-8glz_vH9g_7uDYv-6hWX_sntc_7J9Xv-tf2j_p3Zn_51yYf-RbV__hmtg_3hqaf9-fYL_l5qr_56uvv-drcf_la3J_5Wpzv-Qqsv_la3P_5O20v-Tsc3_mLjR_6G71v-gudf_m7bR_31QL_9qQSX_ZTkg_2I4H_9eNhz_ZkQf_2dAI_9pQR3_bEEe_29DHv9wRCH_ckYj_3tPLP97Tyz_fFEu_3tQLf-FWzH_flMw_3lUKv92UCv_dE4q_3VKJ_92UCv_elQv_3VSLP94VDD_dVIs_3xRL_95US3_flg0_31UNv96UzT_glw4_31XM_-DXTn_gVk2_41iP_-FWjr_iV1A_4ZdP_-IZ0j_d1hE_2dLQP9VPDf_SzAp_z4jGP87HxT_PiIM_0kmEv9PLRL_VTIW_144FP9lPxr_aT0Y_3JHHP-BUyL_jFop_5ZpMv-Uaz__img7_35TKf9pQhn_b0Mg_102Df9qNg7_cz0O_6BgMP-5e0r_voBP_8WHVP_Ji1r_xYtZ_8iMWv_Fi2X_xYtj_76GYf-2f2D_uYRk_7eAYf-ye1z_rnxh_6x7bf-pemj_knFi_4Z0av98cnH_jZGc_6Wsvv-errv_majF_5GiwP-TqMX_lq7K_5Sty_-Pscz_lq_O_5y2z_-euNP_oLjS_6K10_91SCn_a0Yr_10xGP9iNh3_Yzsh_2M_H_9fOh3_aj8c_3FFIv9tQR7_dkon_3ZKJ_94TSr_c0gl_3VKJ_9_VDH_hV41_4FXMf97UC3_e1At_3pSLv92Syn_d1Qu_31VMf99Ui__eU4s_3tVMf9-WDT_d1Av_31WNf97VDP_flc6_4JbPv-DVz7_hFk5_4NYOP-KXz3_ilxC_4hfQ_-BX0b_e2dP_25kWP9vamf_XVdX_1BHTP9MPDz_QCUc_z0gEv9FJBP_QCQM_08tEv9NKw__WjcZ_2A5GP9nPBn_aT0Q_31IHP-BTxr_ilwq_35QH_9-TSL_ekcY_39LHP-DVB7_o2w0_7Z-Rf_CgUn_yIpR_8mNWf_Fh1T_yY1X_76HUf_BhVH_wYlY_7-JW_-5glv_uoFj_7mEZP-5gmP_s3xd_7J_YP-temf_pnto_5x8bf-LeHH_ioGG_5Odqf-Zprf_oLC__5unwf-Oorr_mqrE_5yyyf-Zscv_lbTI_6K30v-gtdD_orrU_6W50v-nu9T_ckYp_2VAJf9eNhz_Yzsh_101G_9iQB3_Zj8i_142Ev9xQyH_dEgl_3VJJv93TCn_dUon_3dPK_93Tyv_flgx_31bLv97USv_eFEq_3RJJv-BVjP_ek8s_3FOKP95Tyn_dE4p_3hSLf-FXD7_d1Es_3pWNv-AWjb_eVo7_39XPf9_Vz3_gVU6_4JWOf-FVz3_glk9_4JdQv91WUP_f2VW_3BiX_9yb3b_ipqp_5Kkuv-Ql7P_fHmO_2FRVP9HKhr_QB8O_0QkDf9JJhD_SykQ_0gjCP9QJAn_USUI_2MyCv92PRD_eUUM_4ZOFf-TWyD_nmMn_7x_Rv-3fED_t4BA_8KLS__LjlX_zYxS_8uKUv_RlF3_xY1U_8KOVf_JjVf_w4xW_8ePXv_AjVj_u4Zc_76IZv_AiWr_u4Rl_7aBX_-3hGX_sn5o_6OAav-Pd2v_i3x1_5eSmP-dp7P_pKy__6OuwP-bor7_nKvA_5-vxv-YrsX_mrPJ_5u1zP-ktsz_qLrS_6W70v-ovNT_o7zS_3RGLP9jPB__Yjog_2E5H_9hPCH_Xzsb_2Y6H_9jOBj_bD8g_25BIP9xRSL_eEwp_31RLv92Syj_eU4r_4BUMf-IXDn_eUwr_3VOJ_93USz_e1At_3RNJv94Ui3_eVMu_3JPJf95Uy7_gVg6_4BZOv97VDX_fFg2_3pXO_-BXkL_f1o__4RYP_99VDj_h1tC_4NaRv-AYU__cmVU_21eWf98fIj_k6TC_5GkzP-Bmbv_iJ_B_5ihwv-OiZ__eWJc_182JP9dMx3_VioR_1UpEP9XKQ__WigF_2MtB_94Owz_hksR_6FkI_-4fTn_v4Y__9GXV__Wmlv_zo5Q_82NTf_NjVD_yopN_9CQU__SklX_yZFU_8eTWf_Kklf_xI1V_82RW__IkVn_xIxZ_8GMZP_Dj2j_vIpn_7yKZ_-2gWH_s4Ro_61-bP-dfmz_kH13_5aMi_-nq7T_oa62_6Wyw_-aqrn_n6a5_56xv_-escL_mq_E_5aqwv-ctcn_p7fO_6e80f-ludH_pLrR_6C10v9mOiH_XjYc_181HP9gNBn_XDUW_141Ff9lOhr_aD0a_2g8Gf9zRyL_d00n_3dLKP95TSr_d08r_3RPJf98UCn_g1g1_3xPLv9zTCX_eU4r_3NLJ_90TCj_dlEk_31XMv96VC3_eFUv_3tVMf-AWTj_eVUx_3lTLv99WTX_fVY5_4FZP_-CVD3_hFtH_3xWSf97X1H_eF1U_3Jpav-Bh53_jp6__4yfyv-EmL3_jKDF_42oxv-VoMD_paO7_4BjZf-ATTz_hFI5_4FIKv-ESiX_hk8m_4dNHf-hZC7_pmUr_759Q__MjUr_0JNQ_8-UUP_PllP_0pJS_8-PT__Ii0j_zo5R_82NT__OjlD_zIxM_8eLT__OlFX_yo9X_8qPV__Lk1r_zZZe_8eTWf_IjWH_xZBm_8OPaP-6iGX_tIJh_7GFav-pg3D_nYN0_4x_ef-YmJj_qK-5_56ru_-cqbr_nai6_56lt_-esLz_maq-_5usvv-htsf_orzN_6q50P-juc7_o7fP_6C2zf-ftcz_XTUb_2A4Hv9lORz_YjcV_2c6Gf9uQh__bEEf_21BHP9rPxz_b0Uf_3xRJv93Syb_dkso_3xSKv95Tyf_e1En_4ZaNf9-UzD_eU4r_3dLKP90TST_dEoi_3hRJv93USr_dlAs_3pUMP94WDH_eVcx_3VVLP9-WDP_hF43_4RdPv9_XED_g1xL_3paTf93W1f_dGdw_394iP-SoLv_i57I_4GYwv9-jr__fY65_5SmzP-Xps3_laC-_52ZsP-Jam__kFhL_5JaP_-STzL_mFox_6BgMP-uaTL_uHM6_7l1OP_CfkH_xolK_8-UUP_OkVD_y45N_9COUf_Pj1H_zZBP_8uQTv_Li03_yopM_8uST__NkVL_xYlN_8yPVv_MkVn_ypRW_86XX__Ej1n_yJBh_8aQZP_AjGT_vopl_7GDYv-vhWz_on5u_5F9dP-bkZD_qqut_6iyvv-hscD_nqu8_5uks_-iq7z_pa3A_5-vv_-hscH_qLvK_6e5zf-nvcv_qLjP_6e5z_-its7_oLnP_1ctFP9cOBb_XTEW_10yEP9gOBX_aT0a_2c8Gf9pPxn_ZTkU_29EGf94TSL_eEwl_3VLJf97Tyr_fVEs_3pQKv-GWDT_e0op_3pOK_94TCn_dVAm_3dQKf94Ui3_e1Uu_3dTL_93VC7_dVQr_3dVL_9yUiv_d1cu_31cO_99Wz__eFtL_2xZS_9rYlv_bGtz_4eNsf-Clb3_fJTA_3KNvP99k8T_cn6w_4OQuv-On8r_jp3E_5ynxf-emrH_fFxd_4VQQP-UVj3_lVQ0_5pVLv-hWC3_pmAt_6pkMP-ycDb_uHY5_8J_O__Bgj3_zIpN_82NUP_VlVf_y4tN_8eLTP_Jj0__zJJS_8aIS__JiUv_y41Q_8aLT__JkVT_y45X_8qWXP_Ll17_xo9Z_8KOXP_GjWD_v4pi_72MZP-sf17_pYNq_5V6af-MgHT_rKun_6aprv-vs7z_prLA_5qmtv-bpLP_oKK3_5qnuP-dqLr_m6y-_6O2xP-lt8v_orfI_6y-0v-nt87_objK_6Gzy_9gMRX_WzIU_2A0Gf9aMRH_XjUV_102Ff9mQBz_YUAX_2o-Gf9yRiH_c0ci_3ZKJf91SyX_dU8q_3FLJP98US7_ilo2_35QLv93Tyv_eE4o_3RPJf9yTCf_clEo_3VPK_98VjL_dU8r_3hRMP92UzX_fVs__3VXP_90XEL_cl1K_3RoWP9yaW7_e4ua_4Sdu_-FncP_d5S-_3OLuf98k7__fZPC_3iEtv-JlsD_ipnC_4yZw_-bocH_lJKo_3pcXP-GTkH_kFY-_5hVOv-cWDX_oFwv_6FbKP-nYCz_qWYv_7NsNP-4dDX_xoJD_8eHR__KjE__zY1N_86OUP_JkE3_x4tM_8uRUf_Li03_yopM_8mMTf_JjU__y45V_8uQWP_EjlD_yI9Y_8iWW__KkVz_wI5Z_76OYP-2iV__rYBj_5F5Yf-Ofm__paae_6enp_-rrK7_r7S6_56irf-hpbH_oqq1_6Kpu_-VpbX_n7DA_6Czwf-luMb_pLfG_6S2xP-qvc7_qLvM_6C3xf-mts3_dzwe_3E5Hv9nOR__YzUb_2I2G_9eOxX_XDoV_2ZDG_9tQRz_bkIf_25CH_9zRyT_d0kn_3ZMJv91Tyj_gFQx_41fPf-AVDH_dkon_3VKJ_91Tyr_eVYw_3ZTLf92UCz_d1Av_3lSMf9zUDL_dVQ1_3lbQ_92Wkz_bmFR_2tgWv9tb2z_jZ-3_4amzP-Cosn_cZC8_3SIuv93irX_e427_3yTvP9reqX_hZS9_4mYv_-PncT_j5W3_5iOpv-NbXL_c0E2_4NROv-RUDT_kVMs_55bMf-iXi__qmIy_7BrNP-qZSz_tnA0_7h0N__CfkH_zIdM_8yMT__JiUv_yo1M_8iMTf_Ij0r_yYdK_8iISv_JiUn_x4tP_8iLVP_Oj1z_yJRb_8aSWP_Fk1j_w49d_8WSXf-3jGH_qoRd_5R2Wv-IeWT_npON_6-xrv-wsbP_rbOz_6KlrP-fo67_pae2_5-nsv-borT_l6Oz_5-svP-gscH_prnI_6G0w_-nucf_pbjJ_6W4yf-htMP_o7PK_45EK_-HQyz_eUAl_2s6HP9fMxj_WzcV_2M9GP9iPRP_aDwX_3NHJP91SSb_e0op_3ZKJ_92Syj_cUYj_3dLKP-EWDX_ek4r_3ZKJ_92Tir_d1Es_3VSLP94VS__eFAt_3xUMP96VDD_eVg5_3ZaQv9sWUj_cWNa_21sav-MlKn_hJm4_4Odwv-Ao83_f5vK_2-FtP9ugK7_d4q1_4SXwf93jbT_cIOr_4KYv_-Dlbn_jZa9_5OTuf-Zj6r_knh7_2s8NP92RTf_fUUu_4dLKf-SUiz_nVks_6VdLf-jYij_sGkx_7RwM_-7eTz_ung7_8R_RP_Eh0j_y4tN_8eKSf_FiUv_zY1P_8iLSv_LilD_xINJ_8SGTf_Ii1T_x4pU_8WRWP_Djlz_v4tZ_7yIWP-5imD_q4Zr_5N3Yf9_cFv_kY5__6ypov-wsLD_trq5_66vs_-lpa3_oaWw_6aqtv-ipbT_l52r_5qksP-eqrb_pbLC_6e5x_-mt8f_qbrK_6e2y_-hssT_obDF_6Cwx_95JxH_gzMc_4Q6If99QCP_cjof_2Q2Ff9tQR7_YzsX_3BDHP9uQyD_ckYj_3hMKf90SCX_dUkm_31PLf95TSr_f1Ev_3xRLv9yRiH_dEgl_3RMKP9_VDL_dVIs_31TLf98VDH_e1Y7_3NZQv9oVUf_aGFb_3p6fP-Snbv_kqLG_4aZwf-BmsP_hKHL_4ah0P9ec57_aXek_3eIs_-Alr3_bH-p_2l8pP-Glb7_hJK5_42Xu_-Skrj_loyl_5l-h_9nPjz_Wi4h_3ZCLf9-QST_jE4p_5pXLP-hWiz_o14n_65nL_-ycDP_tnE2_8B7RP_CfUb_xYFE_8KER__GiE3_wodN_8qJUf_FiEn_woFH_8CDTP_Ag0z_x4tZ_8iKWf_Ci1P_xo5b_8eXaf-7i2P_sINm_5N9aP94a1v_hYF4_6iqp_-0srX_sLa0_62usv-oqav_oaSr_6OnsP-hpbD_naGq_6Gjr_-iq7T_qLK7_6a0v_-ntMT_obTF_6OwwP-ms8T_o7XD_6e0x_-jtcv_hy8b_4AkFf97Jw__fS8Y_383Hv-HRib_fEMl_3JBIP92RCP_dEgj_3xRLv91SSb_ek4r_3lOK_96Tyz_fVIv_4FTMf9-Ui__eU0q_3ZLKf96Ty3_e1Ux_3VSLP94VjP_clA1_3JTQf9tXFT_bGFl_5aUqf-To8X_hZvC_4OWwP-KoMf_jp_K_4uexv-Jn8j_ZnWg_2Nrmf9tfKf_hZS__2t9pf9seaP_gJO0_4aPtv-Jj7P_hYak_46Bm_-ZiJD_jGxx_00nJP9VJiD_bjci_3lEJf-ISSb_mVUw_6RkNP-kXir_r28v_7RtN_-ybTb_wXxD_8J8Qf-_fUD_wIJH_72ASf_Fg0f_wXxF_7x7Q_-7ekT_vIBO_8KIWP_ChFP_w4dV_8CDVP-3h1n_nnRb_4JnVv91ZVb_f3tv_56hmv-ytrX_tLO4_7O3uP-usrP_oqOn_6WtsP-ssLn_nqKt_5uiqv-mq7H_pK22_6ywvP-qtsb_pLTD_6Ctvv-jsMH_p7PD_6CywP-lscf_qLTM_w==', 20.02199935913086, 54.9, -22.978, -43.19);
INSERT INTO `usuario` (`id`, `nome`, `senha`, `tipo`, `foto_base64`, `loc_accuracy`, `loc_altitude`, `loc_latitude`, `loc_longitude`) VALUES
(19, 'julio@uerj.br', '123456', 'VOLUNTARIO', NULL, 20.67300033569336, 54.6, -22.978, -43.19),
(20, 'voluntario1', '123456', 'VOLUNTARIO', NULL, 19.500999450683594, 54.9, -22.978, -43.19),
(21, 'voluntario9', '123456', 'VOLUNTARIO', NULL, 23.270999908447266, 54.9, -22.978, -43.19),
(22, 'teseu', '123456', 'PESQUISADOR', NULL, 25.430999755859375, 54.7, -22.978, -43.19);

-- --------------------------------------------------------

--
-- Estrutura da tabela `usuario_gps_track`
--

CREATE TABLE `usuario_gps_track` (
  `id` int(11) NOT NULL,
  `id_usuario` int(11) NOT NULL,
  `uid` text,
  `horario` datetime NOT NULL DEFAULT CURRENT_TIMESTAMP,
  `loc_accuracy` double DEFAULT NULL,
  `loc_altitude` double NOT NULL,
  `loc_latitude` double NOT NULL,
  `loc_longitude` double NOT NULL
) ENGINE=InnoDB DEFAULT CHARSET=latin1;

--
-- Extraindo dados da tabela `usuario_gps_track`
--

INSERT INTO `usuario_gps_track` (`id`, `id_usuario`, `uid`, `horario`, `loc_accuracy`, `loc_altitude`, `loc_latitude`, `loc_longitude`) VALUES
(84, 17, 'f5c974bc-7843-4b5b-aa4d-372ecc06389f', '2018-03-28 00:30:42', 20.645999908447266, 54.9, -22.978, -43.19),
(85, 22, 'f5c974bc-7843-4b5b-aa4d-372ecc06389f', '2018-03-28 02:26:04', 25.430999755859375, 54.7, -22.978, -43.19),
(86, 18, 'f5c974bc-7843-4b5b-aa4d-372ecc06389f', '2018-03-28 00:44:18', 20.02199935913086, 54.9, -22.978, -43.19);

--
-- Indexes for dumped tables
--

--
-- Indexes for table `busca`
--
ALTER TABLE `busca`
  ADD PRIMARY KEY (`id`),
  ADD KEY `id_estudo` (`id_estudo`),
  ADD KEY `id_usuario` (`id_usuario`);

--
-- Indexes for table `estudo`
--
ALTER TABLE `estudo`
  ADD PRIMARY KEY (`id`),
  ADD KEY `id_usuario` (`id_usuario`);

--
-- Indexes for table `formulario`
--
ALTER TABLE `formulario`
  ADD PRIMARY KEY (`id`);

--
-- Indexes for table `localizacao`
--
ALTER TABLE `localizacao`
  ADD PRIMARY KEY (`id`);

--
-- Indexes for table `questao`
--
ALTER TABLE `questao`
  ADD PRIMARY KEY (`id`);

--
-- Indexes for table `questao_formulario`
--
ALTER TABLE `questao_formulario`
  ADD PRIMARY KEY (`id`),
  ADD KEY `id_questao` (`id_questao`),
  ADD KEY `id_formulario` (`id_formulario`);

--
-- Indexes for table `resposta`
--
ALTER TABLE `resposta`
  ADD PRIMARY KEY (`id`),
  ADD KEY `id_questao` (`id_questao`);

--
-- Indexes for table `resposta_buscada`
--
ALTER TABLE `resposta_buscada`
  ADD PRIMARY KEY (`id`),
  ADD KEY `id_questao` (`id_questao`),
  ADD KEY `id_resposta` (`id_resposta`),
  ADD KEY `id_busca` (`id_busca`);

--
-- Indexes for table `resposta_marcada`
--
ALTER TABLE `resposta_marcada`
  ADD PRIMARY KEY (`id`),
  ADD KEY `id_questao` (`id_questao`),
  ADD KEY `id_resposta` (`id_resposta`),
  ADD KEY `id_usuario` (`id_usuario`);

--
-- Indexes for table `usuario`
--
ALTER TABLE `usuario`
  ADD PRIMARY KEY (`id`),
  ADD UNIQUE KEY `id` (`id`);

--
-- Indexes for table `usuario_gps_track`
--
ALTER TABLE `usuario_gps_track`
  ADD PRIMARY KEY (`id`);

--
-- AUTO_INCREMENT for dumped tables
--

--
-- AUTO_INCREMENT for table `busca`
--
ALTER TABLE `busca`
  MODIFY `id` int(11) NOT NULL AUTO_INCREMENT, AUTO_INCREMENT=6;
--
-- AUTO_INCREMENT for table `estudo`
--
ALTER TABLE `estudo`
  MODIFY `id` int(11) NOT NULL AUTO_INCREMENT;
--
-- AUTO_INCREMENT for table `formulario`
--
ALTER TABLE `formulario`
  MODIFY `id` int(11) NOT NULL AUTO_INCREMENT, AUTO_INCREMENT=4;
--
-- AUTO_INCREMENT for table `localizacao`
--
ALTER TABLE `localizacao`
  MODIFY `id` int(11) NOT NULL AUTO_INCREMENT;
--
-- AUTO_INCREMENT for table `questao`
--
ALTER TABLE `questao`
  MODIFY `id` int(11) NOT NULL AUTO_INCREMENT, AUTO_INCREMENT=13;
--
-- AUTO_INCREMENT for table `questao_formulario`
--
ALTER TABLE `questao_formulario`
  MODIFY `id` int(11) NOT NULL AUTO_INCREMENT, AUTO_INCREMENT=18;
--
-- AUTO_INCREMENT for table `resposta`
--
ALTER TABLE `resposta`
  MODIFY `id` int(11) NOT NULL AUTO_INCREMENT, AUTO_INCREMENT=41;
--
-- AUTO_INCREMENT for table `resposta_buscada`
--
ALTER TABLE `resposta_buscada`
  MODIFY `id` int(11) NOT NULL AUTO_INCREMENT, AUTO_INCREMENT=21;
--
-- AUTO_INCREMENT for table `resposta_marcada`
--
ALTER TABLE `resposta_marcada`
  MODIFY `id` int(11) NOT NULL AUTO_INCREMENT, AUTO_INCREMENT=73;
--
-- AUTO_INCREMENT for table `usuario`
--
ALTER TABLE `usuario`
  MODIFY `id` int(11) NOT NULL AUTO_INCREMENT, AUTO_INCREMENT=23;
--
-- AUTO_INCREMENT for table `usuario_gps_track`
--
ALTER TABLE `usuario_gps_track`
  MODIFY `id` int(11) NOT NULL AUTO_INCREMENT, AUTO_INCREMENT=87;
--
-- Constraints for dumped tables
--

--
-- Limitadores para a tabela `busca`
--
ALTER TABLE `busca`
  ADD CONSTRAINT `busca_ibfk_1` FOREIGN KEY (`id_estudo`) REFERENCES `estudo` (`id`) ON UPDATE CASCADE,
  ADD CONSTRAINT `busca_ibfk_2` FOREIGN KEY (`id_usuario`) REFERENCES `usuario` (`id`) ON UPDATE CASCADE;

--
-- Limitadores para a tabela `estudo`
--
ALTER TABLE `estudo`
  ADD CONSTRAINT `estudo_ibfk_1` FOREIGN KEY (`id_usuario`) REFERENCES `usuario` (`id`) ON UPDATE CASCADE;

--
-- Limitadores para a tabela `questao_formulario`
--
ALTER TABLE `questao_formulario`
  ADD CONSTRAINT `questao_formulario_ibfk_1` FOREIGN KEY (`id_questao`) REFERENCES `questao` (`id`) ON DELETE CASCADE ON UPDATE CASCADE,
  ADD CONSTRAINT `questao_formulario_ibfk_2` FOREIGN KEY (`id_formulario`) REFERENCES `formulario` (`id`) ON DELETE CASCADE ON UPDATE CASCADE;

--
-- Limitadores para a tabela `resposta`
--
ALTER TABLE `resposta`
  ADD CONSTRAINT `resposta_ibfk_1` FOREIGN KEY (`id_questao`) REFERENCES `questao` (`id`) ON DELETE CASCADE ON UPDATE CASCADE;

--
-- Limitadores para a tabela `resposta_buscada`
--
ALTER TABLE `resposta_buscada`
  ADD CONSTRAINT `resposta_buscada_ibfk_1` FOREIGN KEY (`id_questao`) REFERENCES `questao` (`id`) ON UPDATE CASCADE,
  ADD CONSTRAINT `resposta_buscada_ibfk_2` FOREIGN KEY (`id_resposta`) REFERENCES `resposta` (`id`) ON UPDATE CASCADE,
  ADD CONSTRAINT `resposta_buscada_ibfk_3` FOREIGN KEY (`id_busca`) REFERENCES `busca` (`id`) ON UPDATE CASCADE;

--
-- Limitadores para a tabela `resposta_marcada`
--
ALTER TABLE `resposta_marcada`
  ADD CONSTRAINT `resposta_marcada_ibfk_1` FOREIGN KEY (`id_questao`) REFERENCES `questao` (`id`) ON UPDATE CASCADE,
  ADD CONSTRAINT `resposta_marcada_ibfk_2` FOREIGN KEY (`id_resposta`) REFERENCES `resposta` (`id`) ON UPDATE CASCADE,
  ADD CONSTRAINT `resposta_marcada_ibfk_3` FOREIGN KEY (`id_usuario`) REFERENCES `usuario` (`id`) ON UPDATE CASCADE;

/*!40101 SET CHARACTER_SET_CLIENT=@OLD_CHARACTER_SET_CLIENT */;
/*!40101 SET CHARACTER_SET_RESULTS=@OLD_CHARACTER_SET_RESULTS */;
/*!40101 SET COLLATION_CONNECTION=@OLD_COLLATION_CONNECTION */;
